pin,password,first_name,last_name,ssn,age,phone_no
684734,z25bK76y47Exb7j4,Sula,Ragot,550-28-8888,48,585-670(3508)
172527,5c335J1hBO3xDD1G,Margalit,Schwander,679-65-9524,69,585-507(5036)
687746,6kFxQG3Hel1w74ix,Almeria,Harston,644-79-8942,83,585-422(3599)
775438,Bt8oh4dD8TogkrY4,Norri,Saffrin,153-13-1371,59,585-757(2541)
868775,xJMEjLZ7dW6Cq5H4,Georgina,Duquesnay,746-20-0250,12,585-203(0996)
361982,1r4wGuvDb138VDvp,Hildagarde,Aubin,367-69-0171,30,585-041(2153)
978923,oz7GbH9wa0CJ5lsF,Lester,Legonidec,230-16-1916,85,585-582(7697)
532138,1Vi6SebVeNmDj3H0,Trever,Lavell,719-94-8631,30,585-607(5349)
157796,409ND7qpKiW1HW40,Leicester,McGrayle,662-92-2292,40,585-821(9668)
335856,cCMk1gL2xAbYI3WF,Rorke,Haskett,512-06-7679,57,585-738(7507)
411135,i338p4oZ44w3rPJq,Jareb,Espinet,248-42-1229,72,585-155(9683)
839271,UDtYqf44hvN76322,Nickie,Halligan,176-61-7189,41,585-204(8568)
868828,96609zB0WO5gn4do,Florella,Mowle,818-38-1160,57,585-555(8711)
317496,kZC9BL25fih91Wid,Bridie,Crinson,797-99-3404,35,585-884(8158)
467994,gZ6rexfiW79gEhwn,Hortense,Wayland,415-47-2378,89,585-495(9402)
124259,LPt9q1gbNVWn11X8,Queenie,Shippard,882-46-8481,46,585-315(0176)
258278,tN1093RUr7u5TbSm,Rozamond,Kalaher,658-06-7777,73,585-014(0254)
789226,KjmUQ2CEIVU1sXZ4,Guilbert,Cicero,327-88-9433,17,585-458(2039)
882977,OFERng71ACNXWHK5,Caressa,Haslewood,690-36-7047,89,585-256(8552)
226342,h4Ux398UY2A04GbI,Hagan,Yersin,322-64-6784,36,585-844(0224)
364976,WX0z8E0q11g39Zr1,Coraline,Sansom,264-52-7555,19,585-019(6014)
376619,dHpP5L0wcJ37WAph,Ileana,Prinne,467-13-8823,64,585-564(2930)
659788,Teu9xXiOjw376R3j,Stephie,MacInnes,723-74-3386,72,585-369(2311)
654545,YNi592L43HQkl5Sb,Ranique,Millward,220-07-4248,71,585-820(7009)
692546,s8jST2xPTpnQ23dM,Becca,Klimmek,432-29-8590,42,585-959(7967)
232938,0H5uu03II32QF92y,Waly,Torbeck,348-99-2279,59,585-727(0955)
837997,opKDypzJzaO8Bt2d,Lelia,Devote,698-19-2457,29,585-789(9307)
696559,EajiIqp6nS36RKk2,Sarette,Minchinden,560-60-4372,50,585-392(8193)
464274,K5LrEUp0cIl91Rsj,Winifred,Ruit,663-96-5597,43,585-268(4014)
793479,2FP1ecG2J7y1NUG5,Balduin,Jahner,738-81-4089,32,585-395(2058)
893969,82pgDjlwi6tsSQ6V,Mommy,Willavoys,792-51-9724,16,585-248(0881)
643523,xqyTELT0l8T50Ao2,Wanids,Bowskill,611-88-2635,11,585-090(8325)
973735,0BdXf03HkLKjV489,Mabel,Kreuzer,114-60-9616,77,585-544(2361)
216883,l49FBydXME2P3Fo4,Arnaldo,Clayhill,115-73-5751,73,585-359(7551)
895246,GIne9PR4wqyY5M7P,Helen,Dundon,489-31-1916,60,585-733(6414)
925868,NX0L8T8pJM01om1N,Aida,Potte,867-31-5009,25,585-102(7922)
221666,50LgWeZv1N76OM7Y,Gay,Feuell,644-93-5719,15,585-211(2268)
485128,Z2u59K88S09987V7,Chane,Dudleston,274-23-7572,70,585-477(3336)
453585,WphrxVDTUkF9w80H,Obie,Coltart,834-55-8707,40,585-732(9395)
761516,YJUTYfWHZSkaa93q,Kinnie,Halligan,663-81-2597,15,585-462(6617)
953161,wI38TJNPc19i49FI,Ira,Verty,344-31-6759,58,585-101(5660)
494221,WNVB1j682BjY9191,Corbie,Lillgard,375-67-5987,53,585-452(7216)
342469,1HYOO8aR3b8tpryq,Christye,Sanbrooke,186-86-9660,11,585-251(0568)
395734,3lwUMcmS5KrUIKS3,Sloane,Gregoletti,796-79-2473,68,585-211(4993)
679227,YmcQV0yCDPa47D05,Tom,Lautie,531-66-3031,43,585-938(2059)
745643,k5hU566kDbH7wbO0,Hagen,Tubb,675-04-6497,73,585-412(2900)
169662,4BeBp9heZJ2HfY3s,Joelynn,Duquesnay,500-75-5898,23,585-053(0002)
584287,1wU8EE807KEDQCbX,Eddy,O'Reilly,368-42-4062,69,585-003(5772)
279488,i7A3H7QB2FF2OkSw,Marrissa,Sainteau,715-95-6908,68,585-938(5178)
624794,M1p1v3Giyvxua4IX,Gavra,Lockyer,392-54-8095,14,585-211(4942)
229492,Q5588O3h8H8dY5px,Loydie,Provest,731-10-9493,83,585-527(3614)
943435,MZB53R0hg8064p5f,Rora,Domenici,262-55-8773,33,585-906(3841)
386517,vXo94KmRjKGU4uCA,Therine,Tingle,465-90-7563,82,585-694(8568)
851131,PmTRZ7h6KGqrd0Pk,Ronnie,Paprotny,727-69-8621,36,585-493(8766)
666757,iZ6JuXxtGgCrn3sG,Reggie,Jills,617-55-7416,73,585-001(1467)
179914,4JUWmjZ2YS1rtWWV,Melonie,D'Ugo,272-65-6219,52,585-055(7647)
517396,UvO02P0665I97e5c,Nichole,Capin,595-88-2970,17,585-335(3280)
375737,4wc33442tXF83x7M,Janelle,Casemore,365-94-3538,13,585-648(5568)
765114,k4CM3Dx65fHHozJ9,Filberte,Westrey,815-06-6202,88,585-016(5807)
424388,SbQssL8KWePk5Px5,Gene,Tuvey,307-04-4373,81,585-330(1352)
593854,LUZknq4Pqp3h4UNm,Edwina,Britt,471-19-9845,18,585-437(8778)
865574,pq0UpLBncy55kL39,Doloritas,Cheverell,428-00-4873,39,585-860(2627)
825235,2KPRb9LwtxvqWOFK,Kynthia,Shippard,730-26-4003,70,585-345(0857)
783887,KxFhHKu919eIivm3,Miran,Clavering,883-25-2703,73,585-965(1012)
949721,CKrtZmf2eU7Lk8WC,Gaile,Verheijden,366-97-2351,60,585-777(7197)
776452,l67cxS7oGwOY779B,Ange,Duckels,279-46-9653,14,585-893(6193)
966471,HF2xJpI1VCF0V6uH,Viviana,Itzkovwitch,311-38-4672,26,585-116(8586)
151281,SKQjlGL1oT4NU1kg,Larina,Popping,222-28-8230,13,585-514(9095)
887382,72j416BNrkHQ5dCD,Bill,Sickamore,160-91-7734,41,585-769(1633)
539586,20baHg446Rcg4Wz6,Fonz,Gabbott,587-30-5364,26,585-175(9624)
569855,ROgt2KGzR1UnsjcW,Joana,McKeurton,833-67-1426,29,585-331(2113)
967942,7EEUVbJjGjmnVdJJ,Druci,Wain,773-98-7759,20,585-497(7990)
867638,9U6hQDuxmXvJMlXk,Tito,Westrey,155-05-7674,36,585-118(0279)
877729,Ll60G8WVn4PpGq5j,Ella,Pond-Jones,249-70-1124,51,585-142(2059)
417423,W6x37jh0XeyurFFG,Silvie,Stitt,184-87-4176,60,585-910(4476)
983555,i5z9A85I9cDBla8D,Barbi,Farndell,614-93-7030,89,585-699(5131)
793435,uIn2Q4FiCV05VmmE,Ricca,Walak,314-01-2067,78,585-058(8956)
877175,FvVoab9R8V4oe4ta,Tyler,Littlejohns,409-32-9397,19,585-504(9355)
312719,5hz82ZIX34mkdfI3,Haley,Hoonahan,521-74-3144,47,585-237(4869)
635317,r93vIAgO30IoJ45b,Bealle,Boarer,859-93-6227,43,585-753(5908)
256541,pm2S3P4cL6XrfX7M,Harmonie,MacFadzean,130-31-6692,85,585-271(2466)
967835,tFz4M39Je60906xI,Cindee,Roggers,609-90-4923,73,585-132(1329)
888295,aZ2zTDUSur9pX7XV,Iona,Love,605-26-0227,74,585-182(1580)
641863,i1Uq3mCabUUX5GJb,Melanie,Renachowski,531-20-3062,47,585-365(1556)
223827,aGPKLd0IWJgVZ96m,Tomaso,Crumley,167-21-1220,83,585-815(1843)
961662,7Ts4s93UE6RwxBqM,Obie,Vest,296-57-9651,37,585-147(3795)
287616,3504R77l2H4v9MRR,Ashley,Quest,227-28-4748,38,585-366(1198)
749153,s27anRLnS9sNv2AT,Rubia,Ayllett,324-27-1374,61,585-848(4270)
522561,wOZvWcg912O2f969,Seamus,Cacacie,582-09-1319,52,585-449(4986)
789562,s409antzPN3LHc0C,Gabriel,Tadman,860-41-2837,32,585-857(3112)
539932,PO9DuhOU8gBZr8t0,Abbey,Realph,414-50-4279,31,585-472(4283)
929187,91lJ46cGy5lP512k,Armin,Cheale,449-90-9689,44,585-724(0233)
258564,3E8ILm34hCwKRQp6,Heddi,Trahearn,616-02-9581,81,585-252(3637)
369918,D8DDh0ox8S3EmrHe,Lyndsie,Jerche,202-06-7197,72,585-194(5166)
786349,9id21yzywOKYXTVj,Thomas,Dobrowski,211-84-0820,23,585-752(9246)
312365,FAC8uG17VE2rQYD6,Ariella,Wardhough,317-67-3164,83,585-343(9599)
674551,L2q2O5CiDefXqng3,Tally,Trussman,729-82-5338,58,585-217(4859)
113321,6s598OHPp9Xt2kio,Carleen,August,503-90-2226,56,585-559(0118)
274664,fKX9f7f46T16UL96,Alene,Pasque,205-94-4945,68,585-497(5136)
413996,r3U6T6U9WbBf7Yv8,Dimitry,Thaxton,346-94-8311,24,585-563(5237)
836992,1l6i4v9A9K7b597u,Rufus,Calafate,613-83-7990,71,585-523(4254)
573341,Ki0Z88dFdlwlNy6v,Verne,Clemont,400-88-2233,74,585-450(0725)
781515,B0zOHeG9YXbhUtAM,Joelie,Sugarman,109-63-3529,65,585-620(3681)
731424,R321aCc6n5LMjSQK,Mersey,Jovicic,840-96-8157,70,585-737(6077)
377296,jM7R3f2rbzzOiYEu,Mechelle,Prescott,526-42-0621,51,585-642(0529)
955831,x351Oy2y983l5Mex,Knox,Flinn,365-79-6888,19,585-027(3936)
938828,MwARvoMSMuUHbnBP,Eartha,Anthona,604-70-7477,72,585-703(0766)
342567,T5AHj5k0ihMh4084,Kerr,Taggerty,305-31-1587,85,585-841(0376)
497149,8k48yO4omju631zF,Armin,Bourke,367-24-2652,86,585-420(8036)
578743,LdDp5t5L9m4q9G8p,Natalina,Goode,414-78-3661,30,585-019(6518)
375832,jOcQwz4Olv24b0r8,Marijn,Botten,301-59-6325,10,585-850(1750)
248852,rJvxrkZhKk3o50Bt,Tamas,De Freyne,306-13-2271,80,585-730(9264)
916165,7hLT8n9Y339f7K7I,Lynelle,Firle,846-04-6198,56,585-512(8202)
562225,4L4lMLaAlVJ3wkIK,Niels,Pallin,189-46-2005,27,585-186(1566)
419637,kPYEHIch9c5yg0eJ,Meriel,Melbourne,128-30-6010,23,585-056(2401)
351647,sfDEPEIrn3L4703O,Tamiko,Osorio,852-31-3684,50,585-430(1302)
369876,ZUB71ker2XmdIcd2,Raddy,Watkiss,898-68-0130,36,585-040(7760)
761757,H0pxjVHYG3TyWDz6,Kory,Cluett,316-30-7528,86,585-243(9277)
123684,Mo78WlACJDT5lvh6,Dionysus,Nannini,813-45-7688,33,585-441(8357)
648993,W4Q23f9nF868CU15,Carmine,Izachik,479-36-9313,20,585-490(8804)
427334,BEU5hNB6284VzHQ4,Chandal,Melbourne,558-53-2752,41,585-786(4987)
852589,08FfGM4eAfjoNYI2,Nichols,Haselup,371-27-6563,52,585-245(5767)
265644,Y35wQ4NZ109umtB7,Rosemary,Bruggen,216-96-6895,70,585-760(5598)
668288,hI7320873AiY82So,Rebecca,Flinn,292-44-0658,68,585-368(4485)
987176,q6116lQINZYLsR18,Dorelia,Izard,282-03-6713,84,585-710(5654)
946315,q8wnL3mBlVF2KM47,Catrina,Kropp,197-05-2327,38,585-545(4072)
879183,F0jdqv7re0nyrtPr,Christian,Cawdery,826-27-4278,73,585-073(0881)
947655,YEr481qjm6D1IPp0,Elihu,Kline,469-55-8584,83,585-156(0017)
817669,BZER2hHC6QKjqiO0,Ludovico,Speechly,710-47-6207,23,585-374(6297)
991217,btbSU32d021xkmNr,Massimiliano,Sweedland,161-57-2371,29,585-763(4564)
438475,4cXQ8oQ2AJqGf2v9,Golda,Verheijden,345-44-2802,84,585-882(7245)
967315,a11E4R2Bb176AL4A,Lacy,Sylett,349-87-4225,47,585-016(4743)
195414,JAdC6dV483GguwV4,Ursola,Verdy,633-88-4858,18,585-065(7579)
912881,4dU7TFjyNN77jSea,Anatole,Aron,751-97-5920,48,585-869(5918)
988743,W5j6M6VY7THAW2PE,Mose,Wasmuth,841-88-4882,46,585-559(5558)
712568,TO3DjJyPgIdiV0w6,Sandy,Perott,864-13-9905,88,585-905(9436)
231119,x8agHhgQ1rXSnsgJ,Joan,Opie,438-65-3945,39,585-504(4203)
386167,3cvw8UcFVdEJ3lUq,Marlene,Jeandeau,492-35-0333,36,585-241(8883)
657939,5nxQWJ3ByJ45Xq07,Normie,Lemon,230-49-6089,63,585-881(9652)
368312,035YmdqHi9S234c3,Laurens,Beseke,162-92-4981,51,585-322(5411)
387965,o2J7E38VJNBLTeSA,Tannie,Telega,117-33-8234,49,585-096(4611)
774647,115KUCv9HQlEk73l,Hans,Spat,473-04-9993,40,585-316(0880)
651778,txxuXyMtO4ALUp4u,Saxe,Crinson,744-13-4919,51,585-971(9602)
651923,Pt0J60T28x1qT3iB,Doralia,Farndell,207-72-9190,53,585-846(3127)
414546,s8T5BovTXt5z3yF4,Barton,Sexti,808-72-7973,37,585-447(1621)
567511,t2zqz7Vkd2QagGk6,Che,Ahlf,812-87-7635,69,585-163(2052)
645466,d2OJY28xtBc3UD3D,Tammy,Carletto,217-59-8577,87,585-400(7506)
249691,W0UeOSn1bL8GStX0,Care,McFade,271-08-3166,59,585-971(1485)
194643,3wR5iD57Dt5BILJH,Teresita,Schout,299-40-9863,21,585-247(6015)
279255,WBkynCmOSg097gn9,Robinia,Bootherstone,454-44-2221,82,585-282(2273)
368677,j7JMj6qsajSRiIUa,Lorraine,Matisse,410-43-2212,12,585-904(4052)
471616,lo0Xp4gw6W7IZ913,Kendricks,Earthfield,510-00-9845,82,585-674(8155)
884133,Nu8q3cS9GZCNXRH3,Anjela,McClosh,547-94-0833,34,585-046(2615)
151281,NfV73Xj0Dgn3t773,Ellynn,Kirkham,370-53-8704,32,585-905(9460)
362433,AGKw9ZPhHbv9EQMN,Tito,Bowdery,135-97-4193,45,585-119(5050)
529751,eqn0oPTmlFfo0MK5,Syman,Nannini,174-27-5763,58,585-429(6185)
368593,h229U28lrM28zY0I,Ruy,Le Merchant,232-44-7522,10,585-936(3060)
319252,Ct29t008F84G57JS,Tonnie,Ladbrook,349-16-3071,26,585-459(5404)
928252,y2gf8dn5Ziw4UitH,Gerhard,Bicksteth,776-64-9500,88,585-846(9337)
595997,jXJ8D74W8DSz8Eb7,Troy,Sleeman,674-84-5938,32,585-478(3239)
668979,l9rcF70opxuhOo82,Eada,Loving,564-03-3419,44,585-709(4386)
296241,70LMce6ZD378vs35,Charyl,Oloman,689-79-2065,81,585-863(4206)
336784,FsAodUrgil32z3xV,Mireille,Hort,149-79-9146,49,585-705(2969)
778123,36mfhy7O9XrEjEf2,Fee,Rosenkranc,577-57-9808,64,585-198(8700)
227322,lZ1lhsDaJ0C20Fpj,Susan,Normant,671-07-9733,49,585-455(5709)
655654,5tkyb4kz3dcBZ665,Kristal,Dunstan,752-20-2939,67,585-220(1572)
765725,2N7NL71vw6rnGuGH,Matilde,Trahair,790-16-0342,83,585-790(4344)
334441,vr5fv5C13293E7pk,Vallie,Whoston,324-29-0023,16,585-196(3444)
838273,Uw1EWZEX8G5Hh4oN,Corina,Persey,183-29-8789,19,585-676(9904)
723315,1f5XVdwyvs9KCLY3,Noach,Ewens,512-90-3614,88,585-616(1309)
781486,tCO0HRj8DD6h7orO,Godard,Sheircliffe,386-68-7125,46,585-512(1399)
355243,x8udOSsFEwh1DZvl,Valerie,Savins,827-65-0917,77,585-377(0388)
834882,j3gljLactb4wF8eC,Julienne,Martusov,543-71-0771,86,585-955(0233)
499748,KPDe9k0GJ30iKO5a,Angelia,Livingston,207-51-7657,55,585-561(9037)
847236,Jd6O1pzUfoIX3Z10,Antonetta,Reddell,761-78-1531,32,585-031(5763)
797784,87QJIzeT7Hmpg3nr,Corney,Enion,158-14-2934,28,585-706(9719)
474857,Ob8460fo3Tbzl0MA,Francklyn,Phillimore,878-26-3905,70,585-897(8603)
858739,1y5k1GbgIsyPKWke,Antoine,Trahair,306-92-6843,41,585-608(0168)
344545,N3l8Qr1aDfH80Jh9,Tamiko,Blythe,476-20-3063,79,585-265(5224)
521645,iFGtoKAYrxeSW4n5,Cullie,Casoni,542-23-3927,45,585-488(3764)
327595,wO40yvm4w0h996u3,Nellie,Derby,865-50-0105,43,585-227(3749)
581148,lh92rM9JPagGliv7,Eirena,Ferrierio,778-29-3455,15,585-021(4847)
695635,oW7s5EaH4L1yW6AD,Winston,Monnoyer,344-48-8370,32,585-038(7295)
429954,87sbh0iItQDN54zp,Roddy,Prinne,763-78-3880,89,585-347(6537)
665613,h6ywufF0GHp0SfGe,Nathalia,Castro,627-16-8574,34,585-195(5395)
565227,e0wYUGYBQLSJ0D4i,Quinlan,Crowe,680-87-2802,45,585-021(0398)
318541,0fBv5aQI7HmnMUun,Rikki,McReath,294-59-9269,60,585-624(9488)
347666,EG2YOP57290q5aA4,Letti,Mathieson,276-02-6661,52,585-903(5378)
525512,YjU2F3e1Kd1ZTf6D,Camila,Caulkett,699-83-5370,59,585-006(5131)
429291,SH3X2Ga3SWi83Lyr,Bradley,Melding,227-14-3968,31,585-690(3048)
556243,2eiI5t7c3i01k7rT,Freeland,Costellow,426-44-3187,42,585-461(0890)
552384,fg2424C70ivNwrWC,Vasili,Antoniutti,699-75-2862,77,585-143(9247)
271643,108hL3ekUkdz4eTB,Delbert,Killough,455-82-2719,65,585-768(0581)
255516,Ocz9xn0Ix84x6cdV,Jammie,Gaish,642-12-6143,66,585-099(9152)
864533,Dy1MJJy6tADcOsGu,Kristoffer,De Gregoli,840-94-1695,54,585-071(4489)
292327,9LG2b2inp7XSS4x5,Alwyn,Tankard,432-72-7202,84,585-189(3044)
623619,LCLiv08fBaZB5ou8,Anitra,Pitblado,508-48-8146,71,585-801(9058)
119374,3954yd40eWF52MCq,Leisha,Brounsell,595-55-7178,59,585-429(7140)
176948,kQf6bT6I3T2xiW02,Tan,Jouanot,215-73-1226,70,585-938(4390)
543995,18g317QGh9eaK36H,Ninette,Earthfield,199-13-1720,84,585-676(2516)
891197,9vH21AD2NfYlbaOU,Frederich,Wallbridge,413-63-2736,60,585-415(6340)
629565,l12sto7VsfYNm4k2,Mabel,Cayle,301-58-7503,30,585-792(5059)
119726,EzIn8XAkvC39w7TQ,Neala,Soaper,476-01-4325,88,585-729(9975)
124511,V6bW5hzpi539Tyxm,Eldredge,Mochan,600-51-7893,14,585-346(9449)
939212,v8ru0oFNnSAdsbUO,Nathalia,Briereton,407-15-3438,40,585-475(6730)
577595,0pX10e14rqPIA7A4,Bobbe,Heustace,402-25-1262,79,585-814(1814)
943158,vu2Xi7hzdf98Hbd2,Marius,Amis,382-22-4968,14,585-300(3114)
618592,E9d29OLP21b9hby6,Ibrahim,Parrot,334-49-4397,75,585-270(4721)
936671,KE40UjdYUma6kd78,Daveta,Derby,813-21-4133,75,585-826(9622)
921174,6O1hr19jnJ6yQ0xJ,Eddy,Spight,214-05-8696,53,585-320(5121)
954885,xuw8tR2Hcph1TBXP,Phoebe,Wonfor,269-57-1791,81,585-350(8720)
758841,36LlwY8HU0FezWmN,Demetria,Bartels,780-54-8790,85,585-848(1235)
877825,9aQdweyNo3UYK47W,Johan,Sate,149-05-4502,87,585-318(5370)
237637,2S03n457Q79ObyIg,Laura,Gorhardt,427-14-6879,42,585-450(1947)
721119,3fHBm5d11n4i0T7n,Town,Chater,201-71-0785,30,585-884(3700)
913761,50Zf17ok79hHPPlL,Gail,Breen,521-07-0045,33,585-094(5166)
798117,0pT4t882ZevqDUh1,Marguerite,Franciotti,884-05-2761,72,585-662(8716)
129951,zg13bC4Fnb0ak30x,Mindy,Connelly,200-30-4505,78,585-939(7013)
449683,hs40i04Zw60Jm8La,Rabi,Philippart,408-35-9384,28,585-279(1714)
832157,2Nw0LUp3L5fqI39J,Danyette,Applin,559-15-0944,33,585-224(2554)
894496,2k05kE8p5Qe7BS22,Effie,Tearny,514-25-0209,28,585-437(4524)
952745,2ve8dVwxBmVO4ja6,Corrinne,Gullifant,502-43-1919,58,585-535(5350)
657573,Yd6dB6c8jp4t3wP8,Brynne,Bleas,369-68-0940,66,585-277(7320)
128529,rPE5P2b05oHYg4Hi,Abey,Rhead,568-33-3457,79,585-064(4077)
584277,G7m1B2t4wZu9J1Nc,Prescott,Bitcheno,121-22-5208,79,585-963(0881)
291812,9Fz91Yidz9kPd557,Raphael,Iorns,239-53-6207,64,585-687(7103)
249467,1WX36MCTW87fLt0l,Phillip,McNee,696-58-8299,37,585-341(1052)
114417,G6tRTuuZJ7T4KuB3,Hollyanne,Montacute,673-87-3965,86,585-555(7845)
214718,I973f2zX9emG11wT,Far,Dell,234-56-8283,38,585-697(2313)
995718,qH4ZID180v3q22b7,Gare,Fanti,180-87-7854,30,585-046(6607)
348944,CvAGS8Fp482yqG4F,Conny,Gilluley,447-04-5183,45,585-384(0647)
938585,e00fzSaZ1S9L9C03,Salvador,Dooney,815-77-9018,20,585-980(0953)
387331,1Ww7BIEfjt94F5X5,Florella,Bowdery,331-87-5167,20,585-328(7059)
387724,48xlX12x7c7Baq1L,Tito,Dunkinson,400-57-2582,40,585-072(2886)
183691,a9U93OiDB72fI7J9,Nora,Gallanders,225-58-9765,76,585-414(9443)
233255,b488Qz51cyWVRU6A,Xena,Priestner,521-14-3760,22,585-684(4339)
138593,qzo5sslqy3a28F2G,Mordecai,Olensby,236-40-9462,50,585-599(7992)
141131,Tg4QBen5D1nm2UfO,Jehanna,Serris,241-59-9659,26,585-602(4060)
613464,MHJONHjE36lPexfS,Ker,Hatcher,231-75-4255,67,585-180(4309)
757767,6Nf1aqYcAWfmwf8R,Basil,Espinel,882-89-8601,67,585-512(9147)
822984,jj60D5s3o947c7xA,Michail,Haines,737-48-7479,77,585-846(1416)
342954,iA3d1z64ph2KA669,Ester,Schuck,571-63-4399,25,585-055(8579)
587443,4HZv06inWWOW2XDS,Theresina,Pasek,532-67-2156,50,585-741(2861)
529637,DfSrTjW9FcY7j3nf,Jule,Aspland,443-78-7359,68,585-345(9704)
283248,4in73ANs663qH623,Linc,Toothill,405-25-8820,58,585-847(1571)
963169,53itmyBrMK16LUki,Yasmin,Jellico,333-34-3937,44,585-075(6510)
289446,29Br9YUVSz84QqU2,Hart,Garatty,490-12-5312,44,585-834(1087)
823322,NEE1a4iHk5457E4b,Virgie,Watterson,226-80-9353,49,585-922(0078)
553742,qHUD572TsFUwfvtU,Mallory,Bridgeland,713-86-6981,10,585-454(3794)
281883,1h6a4F1b7Uq0mll1,Damita,Girdlestone,439-33-6156,45,585-304(3920)
898493,0S74x3Ki6N05NrW3,Alica,Spire,312-29-5980,56,585-175(1393)
264581,M4eg0AmLva5z5i0e,Yasmin,Sander,375-88-9041,87,585-616(3662)
674741,Iri36KQ7dP5wn6Iu,Oralla,Fakes,812-50-9965,67,585-934(4777)
899267,ZcBMVNbgt7KXUmU8,Julietta,Klimentyonok,456-04-5911,46,585-514(6873)
684286,kXKR6qErvUoPvY0k,Ricard,Davydoch,322-01-5653,58,585-817(7365)
266171,641OB7x2r924Z38b,Thomasina,Izard,178-66-6455,70,585-874(0930)
779545,KZol4eTAVAem474n,Alastair,Fransseni,233-80-2219,16,585-628(1566)
631479,KHQ19a9fpeW9WJu4,Lynea,Ragot,812-97-6326,81,585-110(0348)
881695,4ERtitBZPk7cFaIT,Mitzi,Lorek,389-73-2163,68,585-567(8876)
777473,fj1uIRfckQI8EqzZ,Annmaria,Rubinow,182-89-3729,17,585-659(5997)
681888,ucQ7Nr518JQeMRV5,Mehetabel,Doerrling,175-37-1476,73,585-293(0905)
729897,19B7tivwq7wzQU82,Brynna,Enrich,782-61-0639,12,585-416(4852)
815436,YIrJhK05o3U037Pz,Kurt,Bryant,812-85-2825,55,585-300(9103)
485226,ajVlr5S5e6YTTJM0,Fee,Knellen,742-39-8899,30,585-306(4634)
315981,5jO3NQDMM5QOEfdC,Jareb,Poleye,296-66-7623,29,585-183(6200)
618281,3P27msK9386258y7,Dianemarie,Bullerwell,614-83-0251,68,585-541(1791)
362489,4CNN333IC9157ZX3,Rozella,Gregoletti,267-22-0801,46,585-696(6607)
671176,7r1Bz9Na42w7rbQc,Hilary,Cotton,895-76-3657,40,585-723(4171)
729782,win3Xdmw6xbd725M,Inesita,Errichelli,853-75-1441,59,585-971(2018)
259584,XLF9nL2VD8605z0Y,Gardie,Spruce,138-53-4513,70,585-285(5778)
321532,9Q84pf57lhl1m8KH,Garrot,Hansod,575-63-2344,19,585-188(8601)
529914,N48hc7j5t4XCe8jn,Robbyn,Kosiada,317-98-7097,43,585-837(0702)
797682,m2U0tx9j5N8P936m,Phillida,Worledge,843-46-3333,52,585-664(4327)
196852,QedPqCNr3K8k2Oms,Weber,Jurczak,393-25-8493,70,585-412(8833)
497419,bTao7a2O0cEc6As6,Allegra,Castiglione,602-81-2101,29,585-576(4590)
328827,1IxfrVQ4E7R5Q3n3,Arleyne,Farloe,158-00-5338,46,585-671(5441)
781765,VQ2OO872pvP29JK8,Omar,Loving,510-03-6990,11,585-000(1762)
178498,opNU8f10j0lZh07j,Ely,MacFadzean,842-45-7170,40,585-332(8455)
647524,j9851YTOJU2NWbJf,Gusti,Clapperton,896-67-0617,63,585-009(5943)
562642,DtAX245mt0LV5Q17,Orella,Dabnor,529-18-7217,80,585-987(9198)
898932,8HdNs575rR0K59XP,Crissy,Lethbrig,206-28-9977,66,585-856(9019)
688529,072x45PaF53z6Od2,Damian,Counsell,546-51-1185,34,585-212(9459)
121548,nLg39A1xr3yAK1yj,Ryann,Firle,593-03-7867,10,585-528(1006)
463484,oHbwpv7S2K5dw00y,Emmye,Fransseni,415-25-6671,49,585-095(9290)
398689,NuWb342993YCEH4M,Joscelin,Birkmyre,771-06-3603,32,585-643(8429)
352863,EoZhaDd635o2c7np,Paddy,Pigford,167-63-7538,74,585-116(9595)
498225,I00FSnvr6wOpMG9a,Sherrie,Duncanson,635-69-0510,60,585-641(0058)
112928,2mMtr4Y4Z95nNiPq,Tucker,Corton,690-69-2756,89,585-802(4656)
292136,p3N2n2q3wPl946Z2,Cece,Bracey,253-57-0589,78,585-299(0259)
637225,U77tIkSD1o3a4y34,Dacia,Minchinton,441-15-1675,68,585-681(0019)
687629,07ugpXqSS9iPrVS8,Shelly,Tytler,369-45-9556,64,585-279(7068)
129124,Dg4ml4X692cQc8CK,Marrissa,Stiegars,290-96-2041,77,585-180(1010)
732155,a7GXa9Dcm2lIUhXC,Keary,Readwood,515-66-0026,66,585-806(2603)
377775,mGR2u8SPp7mx09zn,Murielle,Penton,740-94-9134,23,585-131(7859)
798677,cxUSGyq37SAC8QZ5,Morlee,De Bruyne,433-86-9729,39,585-545(7944)
182977,1o5H72YyuUELPUKv,Sandy,Sunnex,702-59-2202,40,585-028(4469)
914612,MX6AEQ0qluBks3Xk,Andi,Le Surf,438-19-4467,68,585-006(9252)
676148,VJETjwTrJf29xOQo,Delmar,Frow,433-20-5970,89,585-546(7768)
851275,78aWuPSErZv1W173,Arthur,Abelson,531-67-6996,69,585-124(6367)
977967,7uup0S523B5ssDNn,Prissie,Houtby,880-04-8496,79,585-815(9246)
182698,uCTohP6NZkd13rG7,Latrena,Blackney,886-18-4550,47,585-051(0608)
634195,ElDfvaUY1R4PL0Pi,Duane,todor,371-09-9025,80,585-167(6705)
419323,93Q5g5km6XtaHqa5,Wain,Skaife,525-15-5154,57,585-232(5471)
531844,mUhvu51rw1COKvB9,Darill,Vallentine,515-88-2401,75,585-088(6084)
137869,daFQpiz4PMKPGNK0,Read,Gainfort,372-97-6417,85,585-259(9750)
714627,RJRSd68zA9hBQ59B,Eleni,Neylan,629-11-7337,62,585-584(2935)
245386,hfYL8IPzOB19cuie,Reg,Traill,315-33-1875,61,585-290(6935)
169168,M4H1RM33d9EQuw2p,Polly,Dimitrescu,697-95-9947,14,585-397(6550)
784347,OzBWaPZ1Qw98Nb3s,Lillian,Denson,856-51-0261,59,585-822(5441)
583792,69ujRr51Odx61bP9,Elyn,Vereker,476-49-4585,49,585-871(0187)
249234,4b35v42uVCMq8oo7,Simmonds,Cawker,494-07-2672,49,585-783(1789)
854777,gY235jN53gB2X18N,Maddy,Belchamp,301-49-4097,31,585-797(7658)
575292,DL4Sq48xmxL3Tolv,Arlinda,Rickert,594-04-2778,47,585-238(8934)
854665,iF56EH53VK6y14U4,Hanson,Postans,200-39-1021,38,585-366(9520)
196228,y43FCBUzPq8O93Mh,Selestina,Talbot,643-50-6640,72,585-959(3311)
525543,YXM09d7TxgsONMvd,Pierre,Idale,745-12-9880,63,585-137(9308)
652781,HuN856BlWxzt21mB,Will,Blunsen,166-49-2041,41,585-870(2188)
435885,Pk8zHDTydZin5Xj7,Letisha,Darrach,369-76-1877,89,585-707(7657)
173927,1BbmNvG9I5e02v8U,Cissiee,Pohlak,816-56-8995,65,585-426(3448)
711827,2UUSa7GPZ7033r9C,Alene,Sansom,103-69-3720,42,585-199(7697)
386677,bWqefo1b17HPvrK7,Virgie,Crumley,238-63-1077,12,585-075(7870)
722622,82p3BQ0C1Th2e1ec,Chilton,Boarer,348-25-1771,33,585-987(2869)
716817,c74eZqx15Ou3l6T7,Pierre,Grigoli,734-46-8908,70,585-539(8457)
378724,11ghqLkI605j5tSa,Florri,Crellin,894-34-6170,39,585-481(1457)
431336,HMs5NeCt0I3GGzgT,Haleigh,Troyes,125-29-9317,67,585-715(8876)
396565,is5aT926CGS6i228,Auria,Kenrat,365-66-9433,41,585-778(3133)
316712,1U0D2j3cNfm8P8oL,Jule,Izchaki,211-46-7657,43,585-571(7759)
648476,l2YMX1uPzoWyKwPQ,Lethia,Peltzer,338-86-5488,45,585-703(8398)
519722,dicU41V7DRvqAtt3,Augusto,Dericot,818-37-9725,48,585-372(8163)
456592,I52rcL8OV3c4WDG5,Garey,Shaddock,355-81-5703,26,585-067(4901)
223853,Hc22o25VV4aN9Nyc,Reina,Koeppke,730-30-0132,19,585-045(4827)
885712,8z02VdPn4h6wz3iJ,Adriena,Dowthwaite,486-60-6448,32,585-346(8749)
695967,Rma9UG0PFs7L12p9,Julienne,Lawful,678-15-7864,17,585-253(7289)
128954,VH439k3q800ohF2r,Eldredge,Rosenkranc,889-80-2469,68,585-684(6097)
456845,MlBkGDv1668a8o1J,Giusto,Handslip,617-98-0698,31,585-343(4963)
495351,w8359ZbFrmSs8I3B,Fannie,Byart,101-48-3427,80,585-737(4652)
429751,ji87pDzN4uCWu5v7,Aryn,Stening,853-46-2095,52,585-417(4370)
383221,q2E1MHXZu6gQjp9j,Phyllis,Glanders,377-00-6370,36,585-237(8412)
882227,GC02824fx10IwcqH,Krissy,Mongin,429-21-3886,73,585-910(9364)
963374,b10B48pvukem6o11,Auberon,Gisby,696-70-8120,15,585-953(6203)
758983,aW77WbuDmD7bHiH1,Neille,Rutherfoord,436-38-9051,12,585-350(3182)
499564,102otVPC40jftA66,Alina,Shipsey,417-68-8616,70,585-930(2068)
437998,hvI4801m6p2z75j6,Lombard,Tash,334-62-4475,76,585-917(4926)
894345,mLRfYBQMC9I2d3o9,Norean,Marcroft,472-95-3995,65,585-653(7247)
113964,rqxJ107xWI92E1dt,Paule,Danovich,747-97-2584,85,585-326(1700)
333524,8MTSeST37277AjhW,Denni,Casa,890-86-1352,74,585-759(0572)
198268,S87Q8w7Yl0vMM63K,Ada,Allam,136-39-0543,31,585-907(2725)
359648,v79bkXuf06za6157,Yale,Nattrass,428-41-8411,12,585-733(9640)
573493,10qO4sT7L6S2CiLg,Esra,Delacoste,781-23-3036,21,585-726(1378)
499292,Sc00dAYswhwKrGcP,Dianemarie,Taggerty,777-57-4181,60,585-785(7058)
644267,drt02t23UPkolIfd,Cozmo,Martinec,495-90-4186,76,585-390(0099)
846144,UZRf9ep7HFm7i762,Jobina,Godly,682-06-7503,77,585-728(8859)
427183,41qox301617HrH0N,Bear,Winterbotham,361-20-6111,25,585-126(0652)
299348,Bmza1Cr0g81zh65j,Orv,Pasque,880-49-4103,38,585-799(5332)
139895,r3m08U196qU0UeEu,Nappie,Cowndley,315-87-4796,10,585-582(4914)
919841,X60364B907Pcd3Hm,Yorker,Sleeman,629-13-9718,77,585-903(4621)
737513,leO9nCbOU8L5hx0N,Dorelle,Geggus,463-78-7686,55,585-891(9169)
262954,a0Fr70Zm6k1i3swZ,Karl,Amis,350-64-8480,51,585-365(1532)
828748,nB02Zka7HMtvnk86,Seamus,Knight,385-61-9355,72,585-241(8894)
744824,22rBrXd8c9RtbOJF,Enos,Pitblado,536-20-8002,55,585-052(8514)
936483,12G3D28FTEj6aZm5,Rubi,Hacquard,227-19-6236,58,585-830(6450)
362864,4I05Zm5zHO3pkUvJ,Morlee,Montacute,868-12-2538,34,585-086(0447)
471998,HTpZD11SgTOup6gB,Donall,Fechnie,730-64-3638,55,585-760(9302)
731538,3FNlUdr5xC3fAn9O,Georgie,Etchells,315-15-8659,37,585-592(2682)
497233,c6aBt87oblVETJ62,Carlene,Gainforth,351-04-6363,49,585-940(9100)
313269,RQcu0zxoA27VP8O5,Elbert,Navaro,722-66-0418,75,585-986(2757)
297687,dDhNDXZJ52298SVT,Brandea,Pothbury,448-08-5195,41,585-127(2702)
826267,5M98S3KaK00JDT45,Adelaide,Bellocht,309-37-8341,72,585-686(4626)
735915,98N96PLauk0ubhj2,Lou,Loving,827-15-7579,39,585-758(4104)
799721,32G62vL8u9Iju30c,Tanny,Betteridge,651-14-7585,89,585-414(9628)
833998,OdsM43xR6a16fkM1,Donnamarie,Birkmyre,886-64-6582,43,585-693(4124)
918652,IGA4ccKlO320f9Y7,Eustacia,Filshin,290-97-1196,77,585-178(3314)
913858,AMOE7upSG4RUMU04,Alaine,Olensby,239-51-4172,47,585-603(6043)
786533,ttj85dI8a7EgWr89,Obie,Cowndley,812-18-0430,72,585-629(2776)
294247,xRL74bTJ299VbNkS,Gayle,Leahy,893-14-4799,44,585-245(0492)
814613,39b4b33g5qI73WIL,Lila,Nairn,221-16-1769,66,585-768(7868)
452262,sinxKeFlSD1Wfjop,Mariska,Whoston,865-82-2440,66,585-677(9824)
953346,3VFJ40uJ53v8jewq,Lexis,Seefus,618-07-6815,50,585-381(0189)
818754,978ztj4Oc4M5n4dk,Gil,Breen,182-10-4998,79,585-578(0326)
319155,T6yHEVr104i55DP7,Gail,Ashbridge,639-05-0834,40,585-345(9521)
898292,8D0s1MEpNq0ifjCC,Wandis,Howis,535-83-4258,67,585-836(0531)
877425,ivXt04Y8suy4Yuw0,Madelene,Vereker,668-69-4891,22,585-517(9821)
749668,212pzD3R9a5MyIzd,Shelly,Wicks,201-50-3481,14,585-219(2247)
386834,jl0RW9fV6YmcAy9g,Tine,Counsell,397-13-9138,44,585-261(6748)
362216,8q0sXRDvDNOd0xnb,Fannie,Vasilechko,437-28-9171,14,585-596(1330)
748541,o6rj6HSrS8VOhb0s,Syman,Wonfor,152-12-1272,18,585-145(7630)
623894,kLk59e2t4T70MLFz,Aluino,Yurkov,776-99-4601,62,585-052(3088)
874423,nJSOkdr4CLfxP15U,Anneliese,Dinnington,225-40-0532,78,585-185(4667)
413417,6M0JL9cXOJu4l63L,Evaleen,Tinkler,723-79-9151,77,585-038(8720)
797735,70x81b7y262Rn7iG,Minna,Trussman,837-70-1367,17,585-919(4388)
488522,skp5hT30Gc5d6OgQ,Charyl,Ladbrook,460-08-8609,76,585-482(2407)
869576,yR2j70C2ym0VPf9K,Anallise,Feares,167-27-0941,47,585-816(4858)
121245,RS9973HRw5kzdCMn,Gennie,Olivo,319-31-8330,81,585-316(8710)
924844,HMW5nGNBWS1M3MyM,Yale,Franciotti,630-83-4459,79,585-370(3118)
298217,k7B6ooja2ZaoWJry,Sydney,Letford,657-41-0901,36,585-516(5614)
192149,yW5q3vX86p5HlL05,Algernon,Brabben,682-37-3192,53,585-434(6723)
982467,n1b13C73bud0ekSX,Dacia,Van den Oord,617-73-5212,15,585-420(8006)
824549,WfT11Ksm6Se7k9Gy,Towny,Wardhough,447-38-8807,62,585-460(6493)
633137,CNVgwLO5n8l85TYO,Thorsten,Sains,517-28-9175,31,585-642(6769)
729425,egi9Tc5u698erXtD,Adel,Birkby,392-50-5386,23,585-198(8500)
244174,tN6A3970r1v6wmF1,Parrnell,Aspland,800-89-7371,29,585-865(8752)
818452,18evL50mE545XN2K,Ibrahim,Pendock,287-17-3197,46,585-702(9648)
916572,9ynF8RJtmM8l5L27,Eula,Erington,507-55-8744,60,585-376(6663)
773213,RMX6z25RfA879847,Ward,Coverdale,669-47-1167,20,585-436(7438)
722514,938GVI1b02MCswiP,Delaney,Adelman,658-02-1011,68,585-827(2290)
778922,EzOJ9E7kk2bvdV5M,Brennan,Titchmarsh,241-14-1157,80,585-674(0518)
589243,YhbRX0k8UwmPN02X,Flora,Rentoll,376-08-6037,43,585-236(6816)
492997,ung3BjACPV2hDG7W,Kory,Oloman,176-62-5429,63,585-311(4402)
251839,mQa3A0PHfD59pvG2,Obadias,Kobiera,888-48-4948,66,585-238(8419)
946759,y4qtbjGAM6GlEexs,Junie,Vedikhov,194-31-7068,13,585-926(8021)
851857,12V3112zB1AN4Hp7,Viviana,Ranahan,886-67-9295,11,585-582(8447)
599244,Bv7i49fWK0ZZmsnU,Thorstein,Guion,169-49-0499,16,585-650(1989)
394442,O9jrSC8Ol96C2eSW,Hart,Izard,720-99-0436,41,585-408(8021)
249324,h6vQXsef4yc40wCv,Dinnie,Farndell,885-60-3923,41,585-784(5100)
224952,TJiKH876oyouVaRp,Giff,Asher,271-16-0601,68,585-790(3249)
824557,uTB47joFfd9M7cLG,Fidelity,Bellin,149-27-9883,55,585-733(1373)
897778,eLKUPkG9U8G8lHm0,Seamus,Dutnall,239-69-6334,42,585-655(4708)
884718,v9DBUZJs23F9iH04,Nappy,Howman,209-88-5668,85,585-390(3807)
466718,MJ76CS69grA78tMb,Micky,Carus,683-51-8767,14,585-930(5908)
425572,EX43wibO2zAX4pRB,Renado,Gegay,683-83-3536,32,585-831(9598)
627432,P9xW2S5qzxtf4Jy4,Reider,Postans,335-11-0126,81,585-549(3768)
734386,mD24YN1e7bjq27T4,Alwyn,Smallwood,184-69-5956,38,585-175(9849)
433246,54Oe9Y34dWUA6qFs,Norris,Mingauld,328-14-7094,65,585-996(4503)
334993,6M1067BW0txn65oB,Vernor,de Nore,129-64-2886,70,585-722(1066)
932449,V5qlj2C7zLYZPR0P,Muhammad,Aubert,228-75-1731,67,585-908(6187)
127365,WnkM6xHUY5WIcLGq,Quinn,Epp,100-49-3049,54,585-369(0940)
783515,J9SJ9n1HAf1488gM,Kristo,Padberry,387-43-3386,88,585-588(6051)
546686,5vJNq6072Er7G0Pa,Vernor,Brailsford,508-98-5744,63,585-205(8298)
339696,EKyFHhk1mE6G1fH6,Vanya,Grundle,784-91-1688,36,585-225(3623)
117937,Gvs3Hn96fr4bCQ65,Armin,Liptrot,720-83-6349,31,585-513(5925)
398795,3us75YGt03Dr9888,Flint,Paxforde,878-48-6260,75,585-571(4143)
449168,0dh425i96L857YYT,Scottie,Friatt,534-24-2054,10,585-058(2307)
483739,c1yUcKdve5xWKjuV,Tiffanie,Trousdale,305-89-7621,58,585-495(9686)
283882,8pK7RWfQ5Y8m2FcH,Alysia,Gilstin,865-44-4958,57,585-074(2061)
526616,bKYrqiSI17bBmoei,Emiline,Wain,630-84-3552,66,585-011(8322)
993142,ts6jD6f7Kyige0ln,Normy,Grundle,748-48-5916,89,585-376(6462)
497166,ETyeqF6f518ambAK,Quill,MacDonell,818-02-4009,89,585-103(8044)
719212,QxRSgd9maNO839MZ,Shelbi,Mithan,280-70-0983,69,585-565(5991)
493197,61kh63ti74X3gi0B,Zacharias,Mix,623-97-8315,32,585-237(4167)
372765,487MEOC5kcRo8usJ,Dewey,Ladds,252-01-1274,61,585-097(3209)
556355,lLqi9a1WxLcm359B,Ibrahim,Showler,416-79-4347,60,585-616(3239)
161498,VAWvxGrRSiB8zN3p,Darin,Oakley,577-23-0622,18,585-782(5502)
282298,GAXb96l0v4oiB85G,Ferdinanda,Friatt,377-11-8137,86,585-251(9263)
772943,W187VRJBvpno8pVA,Edouard,Broadwood,728-79-0691,12,585-356(6538)
957432,7F8zELrqDk2906EZ,Quillan,Liptrot,758-40-4029,18,585-583(5018)
485789,rg5cryTvfQrIKg1w,Horton,Kemwal,753-31-0978,71,585-189(9760)
998392,FOJ4e08D7C5P5HGz,Celestyn,Tax,248-96-1356,79,585-040(7855)
526599,cYr7qJuZWK80R072,Corty,Dolligon,885-30-8532,83,585-561(0930)
718211,voo9h3PHlXv22M4C,Mabel,Klousner,121-25-7079,25,585-199(5820)
916332,GgdKXv1BCsO10875,Omar,Kollatsch,486-06-2973,88,585-098(6715)
478823,1Qp4LWhgK6ehE4kj,Wenona,Dinnington,323-95-9997,21,585-233(6703)
911627,7TG6qQ6XWWxuA9lA,Ashton,Brikner,118-24-7572,29,585-823(9217)
588491,0thPQ72hQmEzDRha,Philipa,Clemmow,842-62-9643,48,585-491(1186)
676125,559M3PrhAbPQ28e6,Seth,Abelson,507-81-0779,58,585-537(7788)
217529,3MlM0Jrwlk2QhLuZ,Ellis,Marczyk,727-83-2324,14,585-046(7379)
542427,f1NcRl7l4As44C95,Harman,Klyner,240-58-1132,59,585-970(2459)
246926,GnnMvwhjaE7cFuyo,Tiffany,Gelly,600-98-2796,27,585-684(6687)
235656,D24NW6jrLR91at8o,Jecho,Provest,502-24-8120,41,585-511(1399)
529964,weWrOc580I4Dy067,Cindee,Weeden,183-63-2707,65,585-874(2168)
959757,shS1gPFLXx0z9aR1,Amelina,Criag,241-83-5167,60,585-570(1238)
999991,X30d2s2S43p4L1PL,Ladonna,Francescone,712-00-8077,76,585-976(1184)
949838,xx6md7rqn2sG5vCe,Frederich,Hagston,558-33-3833,12,585-774(1457)
464398,GNh978SmIesEdNlt,Corty,Tutchings,155-01-6622,10,585-686(1960)
164834,u73Qe20gpUw48tJA,Freddie,Donaher,122-12-8406,31,585-900(5418)
953857,NPd0g929wiLyIkF3,Mitchel,McClinton,464-58-9246,36,585-836(4243)
722235,yvpANQ3eRDoL4EuT,Eldredge,Edmed,531-60-7164,72,585-935(4392)
578425,Z5HjDb7e5geAEsIe,Hymie,Davies,254-91-2799,22,585-161(0891)
615583,0g380COt4ZyBCMFF,Charles,Comber,268-88-8107,72,585-827(6039)
481163,A59W7hJ521x6WGe5,Amandi,Ostler,496-73-7244,35,585-949(0869)
889575,COPO538J1u0h6P39,Lyle,Haskett,798-31-4305,89,585-449(7142)
135391,skSMRRfC5T10JRYS,Adda,Vooght,681-23-0505,38,585-196(7170)
497615,CHzS19e4oF6iOYa2,Derril,Coulthard,568-51-3728,15,585-119(1872)
744469,dcei47GY4pWxqp40,Javier,Paxforde,630-25-2923,65,585-768(0629)
191175,52fTdh7VjI8lR9oF,Christine,Redhouse,276-62-1318,89,585-515(4005)
187198,X87KQ0YSm0xd562x,Dewey,Franzolini,725-28-7967,20,585-724(4087)
317922,wAC96gEXgrz2QNjp,Lindon,Thornthwaite,166-86-6539,13,585-114(7591)
212743,0uz2nl88v34MNAv2,Chandal,Trundell,541-90-7649,51,585-833(9189)
488474,Hh2vC6gUew9sS7mc,Royal,Scammonden,636-13-1869,37,585-683(0137)
534928,C2CX3J0KrAGJC7dF,Alonzo,Bumphrey,322-93-0067,39,585-509(7629)
859545,1P9wZ5gY06d2hpHW,Aretha,Kreuzer,438-41-6983,18,585-841(9014)
512836,j53vgz1yE378Fre6,Justine,Powling,252-71-2497,82,585-323(8259)
719447,7QYAZ2W0AM6KQQY9,Rycca,Chitter,792-56-4039,62,585-620(6564)
586532,5nq3wKBDg96Kqm4Z,Bernie,Perrelli,294-32-0065,80,585-532(2486)
944933,Als1hXxYOyQFH8ov,Moss,Till,150-90-9867,12,585-839(8939)
176464,tiTZw2Ph6dgpT9O5,Carr,Danko,356-71-7261,11,585-250(4359)
718911,677y5FLeb9AT743l,Jedd,Jellico,507-89-6402,27,585-394(4155)
654521,czQvhxc90GM90wAk,Iona,Winter,825-88-2550,38,585-046(8798)
447634,0T4wOir08Eyhda3b,Emmye,Boxhill,363-17-2102,28,585-877(6258)
474798,88s5L2U2r2e75xB8,Algernon,Godly,251-45-9645,51,585-024(0845)
959657,m2gvYWzL6F6fT3I4,Brandtr,Checklin,308-59-0402,70,585-398(0016)
743117,MQZ165oZ9Ln1Pm8L,Elaine,Bubb,485-77-9285,15,585-041(3833)
167947,xVQLcXtrzDj82zb6,Husein,Rees,630-01-7425,26,585-910(7735)
728245,A363R4VZ0st7Q1pF,Khalil,Mattityahou,466-70-7475,11,585-056(2984)
218327,a15YJ5fR3uwb9u6l,Trescha,Duckerin,857-37-0251,11,585-224(0520)
614183,5rb9yMGb0O54t5Pm,Fonz,Nosworthy,236-02-0824,40,585-032(3959)
498296,7xa771R1WeZ4o0t7,Sarette,Le Merchant,356-79-2646,18,585-197(3427)
343493,DkytZzcU6sT86kuq,Mil,Gladebeck,748-41-4978,10,585-948(2955)
899275,24B99nR24vO5xZt5,Devin,Dopson,847-91-4261,42,585-342(5819)
892492,A3Xqe8G7n0HQBRpq,Marcelline,Pragnell,468-38-9272,55,585-066(4828)
757772,3t2OTKE4dUhq8EDz,Albina,Paxforde,100-21-9917,83,585-600(1434)
125534,2A7Al31Y7Xdl8O7I,Elisabetta,Curro,622-92-5430,66,585-659(4945)
164699,X2r2D061hP14nunT,Terrel,Ledrun,266-53-1799,73,585-411(6623)
521896,hPn319Bd17nRMRdO,Dorry,Barthrop,802-80-4231,68,585-409(1912)
929529,KIPUtQ2pj9kgndqu,Sayre,Aireton,184-15-4088,10,585-415(7295)
843249,2BayqqRc0OVpCyVk,Georgetta,Causton,169-13-6427,87,585-918(4853)
218394,By7x37Xa1vKx021A,Derril,Lord,775-28-2459,55,585-122(3725)
834998,COU9542t11TCGT7M,Nickolai,De Gregoli,737-14-1759,79,585-664(2928)
851688,6ubwFBPXcF678bMN,Fee,Dinnington,585-45-7974,23,585-951(9007)
569598,4IR73v3KfJk53Yrf,Pia,Strongman,203-68-1777,55,585-379(5990)
352737,250ChQNtpB0Tfm3L,Kirk,Enrich,855-83-3469,13,585-455(5183)
183134,rvpBGa8yZQkUhEml,Clerc,Kohrt,271-91-7979,39,585-252(3253)
463157,nno0Dz31BVRBhca8,Aleda,Lyne,776-23-3633,72,585-649(2094)
126712,uWiGVg9qZYPHW0R5,Pat,Mangon,394-20-7642,37,585-280(4643)
979611,aqkY92lF5ZY10yQ8,Jaime,Mathieson,739-06-0390,53,585-754(6701)
733488,2nj9A1MJBJJpaCfg,Killie,Olive,691-86-4278,83,585-650(3291)
364971,cpY1kqO2qD3fWJsx,Emilio,Biddle,441-64-0086,44,585-363(2768)
917595,iYD994z2oEDcv8Xt,Quint,Littlechild,423-34-5232,35,585-852(5659)
524454,X8FrRr18s6POuGZ0,Keelby,Boldry,338-99-2309,81,585-694(6925)
994298,G47Fjp4mXjAjt159,Stanislaus,Drage,838-34-0989,61,585-006(6975)
428725,1Kbb7et0K0g41jN9,Brandyn,Allden,880-82-5346,14,585-719(7582)
333397,zAGFXT9gKTlvy1MU,Roy,Pastor,704-55-8423,18,585-758(3718)
387149,3o5L4r93918cYD48,Janelle,Bodesson,729-72-2363,37,585-624(5416)
794651,2AAl63vM7gOLOXH0,Carlie,Ganderton,580-35-8974,38,585-425(0994)
797228,psp8133TyXH6w90A,Bibi,Mawson,756-18-3835,54,585-810(4836)
975122,9v27i6Xs6w3n3438,Selestina,Wigg,704-90-8190,82,585-972(8853)
299811,6N6iC4f2v1cH2Fsl,Ring,Scintsbury,535-41-9157,22,585-666(5888)
193785,NozpFdvV7zYg39b6,Delano,Eskrick,711-10-7235,66,585-674(6497)
813678,PV3q5PiZfO6zM3J7,Muhammad,Zarfai,710-19-3961,14,585-504(5865)
395574,c48Fj8ZeagrdWbEK,Torrence,Asher,292-39-6637,39,585-139(2685)
713698,S62EwKlBFo5uJm6R,Basil,Nannini,139-53-9780,67,585-003(4183)
846297,FqmUzk3gchy4a58N,Roxanna,Ranahan,678-16-7211,52,585-717(5352)
174752,s5yUx1rqP4J722Ls,Travus,Gantzer,847-12-2616,60,585-544(4826)
271916,uAda1s6cwNA0q7o9,Tallia,Oaten,581-47-9820,24,585-125(2757)
349446,ek14h7zriVX67LU9,Mersey,Ruprechter,463-05-0549,59,585-957(6077)
442556,3p6TKd9aPP3oR04b,Jaquenetta,Lambersen,192-14-0876,63,585-556(7489)
439146,G30EVU9DgFwhR6wX,Ralina,Rossbrook,522-51-5171,56,585-757(8317)
686571,j1L976P58Saghz2f,Mommy,Silversmid,364-37-5126,67,585-707(6701)
161818,9G4cBBtjxnfe864r,Onfroi,Antoniutti,558-36-0865,19,585-943(3086)
989484,V2pprJ6M0p7H7E0j,Jamill,Coop,645-69-5273,43,585-518(7049)
841196,W04127E4hfi251HJ,Ricca,Francillo,501-29-0040,73,585-509(2540)
488111,800HNvVd0jXW6Eox,Arman,Vasyaev,595-37-6607,12,585-684(2661)
798118,5HFPute6WPJ2yQf5,Bondie,Sly,202-86-9537,76,585-106(2046)
285871,DPZhM4tcSk1avQ1i,Calvin,Fanti,347-03-1270,29,585-257(9809)
537978,Q69cm9S68UM6pZ23,Vernor,Capitano,126-13-7551,44,585-923(2080)
364558,frc96DN8pi5U48H9,Tersina,Millward,301-83-5877,46,585-373(2870)
925525,17xOx7oJcGdVWQ0e,Bret,Hinckley,294-30-9399,53,585-603(2459)
393239,e82o5IMwuMt8m6mA,Silvie,Weare,154-92-4387,42,585-219(3497)
949928,9fWH1EuH564xJPmM,Nestor,Rickerd,130-61-7502,53,585-053(8239)
334398,RpSiCYw7AH90FIMv,Anatole,Lillywhite,336-57-7386,28,585-341(4231)
587893,k13L5RYAxl867IdG,Carry,Blankhorn,341-30-3466,73,585-635(1632)
439781,V35USV0s2gCTFddA,Raleigh,Daldry,429-12-7206,61,585-971(8123)
643956,jh51Vo5hwPH0xL3A,Shelbi,Soane,440-86-1008,80,585-229(2351)
586666,HtbNX11xla9HDG47,Simmonds,Rickerd,370-58-0272,66,585-817(0183)
255556,lKnt3Ao9Oa8N5vZ8,Jayme,Hambridge,678-94-3842,48,585-448(3987)
818338,786reDm585NeQ67Y,Byron,Ferens,480-10-5390,45,585-888(9688)
929875,F5mBvARBQ2lr31e4,Cesaro,Heskey,208-53-7443,28,585-814(5198)
498658,99Nl17rBMOLMV6pV,Kendricks,Bossom,517-75-1320,57,585-438(0526)
878546,18GO68IpuN3cwhbD,Caspar,Ayrton,344-70-2044,44,585-132(4481)
337278,zb2PrF1MENGE9928,Fannie,Clapperton,272-50-0922,62,585-631(0775)
871247,ds0kecOUd6RE0D02,Conchita,St Pierre,317-13-0318,82,585-616(8043)
939816,B81884fI8Zt4h854,Granger,Zollner,118-74-0278,27,585-216(5286)
652215,opzzBG76se75ayET,Aida,Gontier,327-96-0830,14,585-516(3003)
432991,L2d181M9S3A24n4m,Inger,Whotton,896-91-3096,86,585-757(3798)
116428,x4Pc4C9Wne5Kd84z,Sol,Baukham,754-06-4654,17,585-483(1127)
685692,avm97i2sNGQwS2e1,Madalyn,O'Kinedy,884-41-9303,10,585-517(7193)
512167,79f9j3dPfriT94ic,Gran,Hatcher,788-06-3436,28,585-159(6464)
434558,geeiqp0PpHZpz27P,Valenka,Benge,460-94-9044,84,585-936(1991)
413174,CZUcC9fU6N2s9p3c,Lynne,Hixson,812-78-8945,85,585-248(1152)
277224,3pcBaeqU3xb6Bq8c,Betteann,Taks,171-29-5823,65,585-555(4561)
341392,CI2154f0mewRhVOn,Dix,Moreno,635-72-9327,41,585-990(2032)
249914,yfTX6580MWhXaDG8,Darcey,Earthfield,888-25-0273,11,585-615(2875)
889857,28HAX1GIbL7mK5QD,Emelen,Gillie,667-92-7486,28,585-624(8827)
586981,9Aj3V47wotOpg3Ax,Ryun,Aughton,135-09-2211,73,585-387(2895)
736468,8T4lgJXeaFCSP1c3,Tonnie,Chadband,743-37-1865,57,585-708(9626)
884969,CNXrSaBuRINg0KER,Rosemonde,Hallford,642-94-2884,27,585-751(2561)
553587,gce24C88FU1fYl2e,Maxie,Botten,744-55-1596,26,585-683(8222)
248888,TBURxeBctnPC8a1n,Blinni,Hilbourne,404-46-0600,56,585-473(6326)
942139,3K8O1Be8pne87sE2,Guenevere,Melato,459-82-6202,52,585-628(7694)
934781,16Ni4AeLk5H80PZZ,Maurits,Flintoft,328-81-6922,58,585-218(2047)
589352,vZzva2RCYgHjt2cC,Antonius,Houldin,187-95-8780,55,585-491(7722)
867119,7aoRz8VbGlzz51c3,Shaylynn,Synan,194-73-9169,82,585-591(5514)
729891,As05TM605v6X7XYk,Davidde,Ginger,562-68-2945,46,585-263(2977)
838638,r34cuNDWYB981i87,Tiffanie,Gerraty,385-67-1671,69,585-581(4911)
595711,cpZ4OgAfO8EU73G1,Hirsch,Rossbrook,322-59-4911,17,585-175(8421)
293646,40o8w70f6w4649fm,Roxana,Yarrow,280-53-8011,68,585-634(6833)
827792,2axjG40280qy9VGm,Lavinie,McFall,517-20-6007,22,585-056(0121)
728627,B23UwTP5bH621S6d,Hyacinthe,Brandi,370-80-7646,78,585-629(3026)
961594,63jHcSdO4OZ9XUu6,Noach,Larcier,724-61-4610,70,585-971(8572)
997644,t4LSgqi0qLWCxqN8,Evita,Brandone,692-87-6246,39,585-172(7480)
341676,LqwbDpqW7qt1j82l,Kalie,Penton,813-77-2586,70,585-208(6770)
299761,YhuHQ900IJ1kJHJA,Darrick,Rollin,617-13-3344,21,585-182(9069)
162541,7zN8kB35dIqW8r0f,Keenan,Featherstone,123-73-7543,74,585-796(1843)
292766,O6n5xNg64gRugvDM,Quillan,Watkiss,848-78-3166,36,585-118(5352)
557714,l892OK5oJKLxb56O,Melisande,Deniset,287-27-9786,44,585-910(1463)
259955,sal6o9x26VBcjXTw,Fanya,Trittam,878-81-3726,86,585-616(5720)
826279,aXDsIyfH2b4gx55P,Garrot,Hort,414-52-3004,44,585-406(2753)
652831,4Aa3097Md7t7q667,Alis,Iddons,870-24-4790,49,585-612(8197)
556348,3jJ032iI8I6f6O8D,Natka,Yarham,416-19-4742,47,585-623(0703)
994627,SWhJ8Sy7I4FW9i2W,Tamas,Romanski,820-28-7032,71,585-463(2739)
431595,pnY8fM999PNRqje0,Percy,Thunders,834-20-0902,31,585-371(1056)
518827,K0eg83M08o29O6Or,Franciska,Margett,789-85-6368,47,585-702(3883)
256421,iZxV9l6Rlup7z9m9,Wendi,Crellin,563-25-0093,80,585-270(0207)
794724,n8n1l09QkdFrCK2W,Colin,Kirsopp,751-69-9442,22,585-387(0484)
116262,E8xt75aELai88H7V,Sherry,Poulgreen,834-68-6570,43,585-154(0781)
611777,3H2K18F3JZXbxeG6,Marietta,Donaher,535-57-5912,65,585-056(1717)
214597,0t89MGMhpW0BQeD5,Evaleen,Harle,554-68-5007,24,585-704(6274)
385861,UOoX8w2Pr9Jb56Lz,Therine,Breming,188-06-9922,16,585-961(5814)
315829,2L6dSn4kIGT3PgPs,Chane,Vallentine,660-15-0563,84,585-232(2614)
764391,qSoTOW9t2859Be9X,Helen,Durbin,207-75-7528,29,585-573(6683)
857185,1KAkn7ZR94zt02RX,Min,Jeanon,179-17-9266,53,585-340(6518)
764817,EE0ON8LHB0cSEFgP,Clemmy,Grundle,847-73-9885,89,585-784(3079)
669416,Vb5Y3Lc84ml6FELS,Sutton,Milbourne,838-02-0929,89,585-891(5124)
297282,aojMz739ajDozc6c,Antonius,Dury,745-07-0188,83,585-122(0270)
897196,TX6MQuqF09kG8tA7,Torrence,Meffan,123-80-8196,55,585-132(5513)
449826,1quQEi3hwz2W5yM3,Angelia,Geggus,428-92-8165,71,585-928(8453)
213154,DI57k6o2CAggaqKK,Carlene,Sweeney,303-88-9952,35,585-646(6907)
263547,5whA9kUub05u96aU,Rodge,Baumber,797-05-5250,16,585-246(6125)
842499,8GTGACzd837MQF9u,Damian,O'Monahan,151-35-9185,50,585-193(2136)
641984,TLmNtskbzf3UIDvB,Zenia,Fitchen,886-03-2946,35,585-622(4274)
856422,gA04ZW0N9hJfJX91,Lindsay,Alessandrucci,116-49-4863,56,585-504(2316)
511451,7RCj64E2foi770B0,Romain,Botten,814-08-6033,70,585-812(6702)
625691,0AfSm0N0v4WUY99E,Heda,Janowski,319-91-3162,37,585-338(0019)
414178,XIi8PKv9S83w87Pu,Sollie,Bryant,155-62-7292,61,585-104(3693)
672765,j794Fs5yU9pQ2P47,Eba,Tubb,270-97-3698,72,585-780(7881)
765599,gu203WG94u5of4yr,Dario,Sebring,506-44-8973,51,585-035(1311)
992582,tF7pPgjME0766sh4,Carrol,Rodwell,741-47-9053,53,585-845(5303)
934724,7xfDJhjyq8zePi6o,Waly,Deniset,280-40-6551,25,585-827(0448)
414691,Q8kyX2z8VE7M91kx,Rocky,Mersh,683-30-5036,79,585-188(9592)
375864,1c3Vu75aEEcyd5w6,Sarita,Howman,473-01-5286,60,585-694(5592)
138131,5ac7P5QN36z7vxPU,Pooh,Jeavons,633-37-2456,86,585-971(9467)
874892,ORb6lfS75WiBqCYN,Mano,Cluett,194-30-3222,45,585-825(5282)
974792,69rv62Ayb6JITqzE,Moore,Knightley,877-07-6375,17,585-027(5068)
414211,V5Ttwby7bhrJZmMX,Valdemar,Wheelhouse,381-29-8050,32,585-914(8157)
986216,8AYsYi9IY5bL71JB,Corty,Fawson,140-52-1296,29,585-304(8794)
521672,0OAiHWWS8se5UJcT,Freemon,Marczyk,145-56-7575,30,585-061(8417)
815857,z969i36kbz1mreT3,Morten,Coffee,690-14-9903,13,585-081(8086)
233422,Af8m74pQGcF5tTF8,Ashely,Knellen,328-36-9857,49,585-874(8483)
259692,6Qz9F9d7Gais1H1b,Richy,Keling,783-38-6085,58,585-196(1435)
197258,s31bbtnohtoD07V7,Darryl,Poizer,580-31-6019,88,585-459(6624)
153881,gFsS7ul6u8UUt611,Latrena,Wein,465-47-1896,51,585-919(3889)
463895,7ZZ5gJ7s9w0SYd45,Isidro,Middas,627-44-9291,79,585-838(0318)
623316,Pfuz5R21xnbLD6m3,Guglielmo,Strowlger,241-49-3804,19,585-280(4008)
348536,v9gsX26J32dqwP6T,Ashia,Baelde,562-38-0256,76,585-185(9997)
345717,16yi228t5XU23F0Q,Taylor,Berndtsson,874-85-5819,74,585-235(5307)
256838,19TUU2f0U6jdIg1Q,Hillyer,McCalum,515-00-7353,86,585-702(9847)
539272,fYh58boGL0LSwQLv,Carlene,Thaxton,503-26-5683,42,585-094(6629)
337366,fsYuKY5YIm085hIu,Julienne,Jachtym,275-22-0829,49,585-171(4826)
945269,995SQgej4Nkt9tG4,Osgood,Menel,836-23-4563,13,585-043(1602)
388389,QJb3pZ0O1oizO5Q7,Prescott,Ashburne,487-68-6962,77,585-306(2093)
987719,239OhIWw8X2zKCm4,Calvin,Bracey,725-24-9402,52,585-745(5579)
644823,9dnigDn0WU3k4sk7,Greggory,Haily,185-01-6313,51,585-233(8137)
568521,q989SgK8188X6uUU,Lucky,Jakuszewski,862-15-7191,31,585-281(5750)
635488,8lVvjiVxKT694tcM,Nell,Hember,571-41-5782,34,585-846(3033)
827256,6b2Jij0i4GhscM49,Jedidiah,Kinworthy,274-67-5215,62,585-814(3662)
438125,8y8ptkubO0V7450Y,Bron,todor,896-31-4576,23,585-133(2267)
469124,Id42AY384167rbt8,Rutledge,Drummond,387-60-7348,78,585-167(6098)
483777,7vjcstPnc47YMVFi,Tammy,Jellico,284-09-6075,42,585-766(9790)
879422,z467n4k2lXLd5jAT,Jacquenetta,Freebury,436-61-2552,36,585-992(7395)
434623,lk25c8Wi1846R1mI,Nady,Elder,798-61-6976,52,585-728(1272)
835216,47snKe4MePDgTv8f,Rod,Dudleston,599-75-1630,20,585-718(7193)
161834,Uzx7a83WTUnTTFA1,Haydon,Hopkynson,463-93-5140,75,585-982(4760)
473545,PDli8Cy72vLdB9N9,Granger,Freckingham,872-71-7868,34,585-410(9613)
518844,TqJ6l9N8d4U4T73F,Sandor,Manes,366-24-4233,40,585-391(8755)
357994,zJ4I4Q28531ap7Tl,Regan,Wickett,307-08-2349,63,585-583(0985)
631474,lM7QE07Jp6GV4URs,Tine,Watkiss,726-04-8500,51,585-405(0304)
587717,otLH44Q2qA80XJ1N,Phineas,Trousdale,582-94-9519,37,585-134(5367)
334819,bEk5pCt7y6idZ3Bx,Janela,Padbery,382-12-1487,67,585-769(0507)
511887,0m271yT9lsO3KeWy,Karlene,McCallum,850-19-7938,78,585-788(8245)
591596,UR5j6Z1o4kUeCRSQ,Ellswerth,Hutchence,478-54-2952,53,585-938(9379)
738135,ePXF0frr5Ln24D8Y,Natka,Allsebrook,529-65-5081,83,585-745(8549)
656968,Fp3LT6w8XNdE5k30,Frederich,Houtby,440-26-8793,28,585-021(0295)
655371,d82482O2C6rr7Gwd,Bobbe,Dunkinson,451-96-2634,51,585-953(7648)
679228,2697IcIb4gf9AcU7,Valry,McCuthais,331-55-9482,79,585-466(7694)
126885,MFx5H1Y2075VHCM3,Cathlene,Russo,670-64-9916,89,585-723(2332)
581415,pK24yH60WxDYv6kn,Grayce,O'Lynn,146-29-1023,41,585-486(6273)
977463,636BbuwGFijQL7n0,Mellisent,Sleeny,213-15-4509,30,585-662(5486)
775232,ZMSlI18t7XcVx495,Jeromy,Gash,743-94-4549,89,585-064(3189)
676516,b790p8FLc1Oi345Z,Guglielmo,Gulston,507-86-1814,76,585-388(5781)
129277,w49PNYG7KDo8gFl3,Luce,Boldry,867-32-2801,52,585-106(1316)
632739,gP8mrcH0gq6950gQ,Nicoline,MacLeese,641-83-2871,17,585-792(9515)
732444,e555P83940dMaQb0,Lorie,Heddon,177-89-6460,32,585-603(2464)
282631,1IL9FQe6RFjAs57C,Terrel,Cranmer,259-53-0761,62,585-825(6658)
983517,y9y0NzG7Y8Gu6vj9,Jasper,Trittam,342-49-3298,88,585-538(6765)
817758,zU5L7WCkmST5qV6L,Evita,Reis,239-75-0923,85,585-005(1783)
317798,vC4r4ChuJ10BEL6o,Gavin,O'Garmen,729-25-5242,60,585-992(6329)
629267,63F17qaS257p1jiD,Aluino,Tingle,501-25-1747,37,585-152(9932)
586869,yPz3tpI1g6Jkve0Y,Alaric,Westgate,144-10-9172,82,585-474(7570)
645727,Zqd9YhfP9whzA48N,Jase,Feechan,703-09-9627,35,585-480(6917)
632865,wK069ECLR4zJsApf,Marilee,Elsley,153-65-7960,73,585-713(5068)
579789,t2sEz2SAW4aZzYcs,Alysia,Chasmar,857-48-7608,82,585-456(9570)
125316,LEREz52Iaf73SPjk,Cynthia,Blumire,109-55-7390,53,585-355(6924)
689636,51BqnBgVrBPFVvKy,Lenard,Harnett,824-09-8142,63,585-862(0740)
169651,shfPOd4ZS58EqJC0,Shannon,Kuscha,710-06-8264,62,585-476(8289)
895633,PS4MhP7l9Sp2L54v,Gavin,Keedy,212-30-2580,41,585-766(8210)
727288,3smm3uR8lzxn9Mrz,Mignonne,Coursor,672-89-4735,48,585-968(5251)
881886,ZT7CU0A39oQs2jVu,Seana,Maudett,250-96-3558,52,585-187(8598)
941794,Rub3k09Eojz20BzM,Nickey,Humbert,454-30-5257,55,585-657(1834)
319341,N8KqFG4f07m0KVle,Anstice,Cosans,176-65-2373,86,585-514(8655)
677376,WRBO7ZvS80BB46i9,Hirsch,Brumble,139-22-9969,86,585-544(2546)
399889,36cdEJ0Opqj9jm2A,Bearnard,Lynam,797-97-5832,60,585-198(3882)
132352,UoOfEnoS5EZw8pz8,Harrietta,Dunstan,427-65-0178,35,585-051(1964)
554984,ZOdm52D2jwd59TSz,Heywood,Derby,723-41-2568,32,585-576(1460)
269622,yM2QKL2VIH36ykNd,Freemon,Bhatia,467-20-9459,53,585-229(1158)
219615,55BBAf5u56D241Yu,Charyl,Gontier,371-71-3345,41,585-398(0153)
261258,6fOy2rPHCS76EC0N,Fonz,Spruce,505-21-0267,41,585-370(8744)
193771,b0hrJAS0BYoUm96d,Wyatan,Ranvoise,514-78-0413,41,585-479(8933)
249829,B78a7r3BWx1Gu4Fb,Louise,Watterson,781-01-4772,25,585-528(5818)
935996,z74L7y7S5Ypd8yqd,Sigmund,Vooght,787-16-2733,38,585-057(8880)
723697,32xfA2tN3PM1u84w,Adelaide,Burford,315-93-8112,63,585-322(5660)
531394,yHMWfSxnR7QOj8tP,Cory,Bessant,663-29-7503,41,585-042(5506)
475216,AuJ7u45XBfN0V74Z,Julienne,Showler,680-31-3623,83,585-334(2188)
516142,2rKGri5Z49no1Ci1,Lilyan,Bellringer,403-70-9377,15,585-156(7378)
966382,1r9g73VTd44si0LL,Bartlett,Harnett,437-54-5260,38,585-552(9400)
273198,oV4lQNer3MJ2iyc8,Julissa,Olensby,279-34-9584,31,585-618(2722)
998316,Kzk2uY92dMBv10w2,Sileas,Corter,770-55-8489,75,585-400(2639)
158125,t9W541PlepA6GsIA,Benjie,Bhatia,710-49-6832,80,585-549(9167)
765619,7qA32uixSir9zUbr,Emilio,Belison,779-24-9427,48,585-524(0802)
473711,J2sqH12M5yq2t8B7,Banky,Lampett,767-79-5544,10,585-428(0370)
881899,7984c37gC6F25Wt3,Freddy,Knightley,705-76-5302,83,585-218(7960)
895115,jz627Gz05ZGTf475,Fee,Verlinde,708-99-5267,70,585-264(4307)
579769,D8b37uk3D7J8wq3b,Jaime,Mattityahou,510-22-5712,26,585-022(5982)
161678,28XUHjvqI7ODQcCa,Paton,Hupe,830-28-9293,43,585-278(8877)
797914,oCeTWsds7Uh75GR1,Sherrie,Lemon,574-42-5220,56,585-227(3696)
624984,ZhVcWE1Y4c73d32q,Annmaria,Stell,193-80-8899,79,585-271(4286)
234379,DZqVx76hu07l6Kh9,Hort,Benge,685-80-2395,21,585-217(8935)
736573,3i3JaQEsfxQC1Zzi,Ellynn,De Filippi,185-59-2606,65,585-584(3228)
211576,K7qk5LS38vv9Pzn2,Effie,Domenici,114-19-8217,10,585-466(8985)
567149,F2JH03sXWdaQ46Ka,Marmaduke,Glyne,793-13-8433,25,585-193(4828)
397555,refSzZQnB9mV6jxp,Derril,Cosford,366-82-4835,51,585-813(0448)
286454,Fa39w74VxN4WnkHj,Juanita,Sheards,468-78-8887,26,585-043(6638)
425135,b811AU4Zn6oq5064,Randell,Harston,468-27-8893,70,585-424(2563)
772912,7lcG5NLjrW997q7M,Heidie,Hendrickx,499-15-7210,18,585-050(6013)
415972,Rvk3ei3IkFbx1dK2,Gil,Doers,490-92-7189,22,585-478(8669)
943527,hD7HzVvQxNJzx4Gm,Egon,de Clerc,150-96-1561,68,585-684(2354)
581388,kmsb3m9Ly9J4k7qj,Freeland,Delacroux,201-73-8879,12,585-328(0700)
577945,S20ySEr50J5Oj3R4,Miran,Cathie,224-21-7927,29,585-892(9736)
116648,7b5aHeVt9zij8A7I,Kristofer,Doy,166-52-4449,55,585-146(4058)
359648,So207gOF2r2Hf0kS,Willy,Rodwell,796-68-5327,63,585-480(2033)
295199,1B2Wr4b0qaZT1ZB0,Abe,Yuryshev,672-37-0177,39,585-414(4749)
983796,WTKVrwH78aI7965I,Kelley,Chorley,459-45-8466,78,585-819(6227)
661774,7H114JF088pH0516,Ginnie,Penburton,546-95-2503,61,585-868(6449)
149421,5dz61x9OmudT6Bm5,Fidelity,Capin,892-71-5979,66,585-931(3684)
259692,s7pVG9i5cq6cMNn2,Jule,Winter,641-76-7483,54,585-189(0684)
998211,uWMNdixE2vio6Lth,Kenny,Prescott,557-49-3918,50,585-246(1313)
665278,iq05D6TN7pvJ6aC0,Lorain,Francey,643-43-0533,48,585-290(5778)
387534,1sfFtLmrYgBk4Yv8,Anissa,Bayley,876-35-8078,49,585-794(3034)
252896,NkHS76N2uPSuzCP8,Marketa,Wark,281-37-9249,55,585-051(2863)
515852,MI9H9BFOHA9Z8M3h,Bobbe,Halworth,412-48-1474,80,585-479(8774)
384184,uH3EdPQv8FMs9S4d,Fairlie,Lawrenson,399-79-3726,68,585-651(1574)
811929,T78G96M8q1YmF10l,Algernon,Hofton,660-92-8031,53,585-255(9715)
288528,k3QEHaw31Rmhx1rq,Lombard,Berndtsson,613-37-0719,33,585-607(4713)
696389,2eP334RvvA1AzZ9X,Arman,Vallentine,595-79-7274,76,585-054(6966)
999327,z8sfKt9Z0DoCoYW3,Rabi,Mattityahou,408-70-5976,79,585-420(0737)
875883,xek6TQoEpH4xaDKQ,Kamillah,Sleep,495-58-5649,49,585-668(8932)
424423,0cNj9gEHh44jHUfc,Mable,Eaklee,504-07-1567,78,585-773(4729)
782626,VNUF1hj1setI5Egi,Lenard,Noad,589-63-7478,80,585-960(2040)
391951,6fO3jiwq92nPnusn,Jacquenetta,Penton,456-88-1719,43,585-296(1406)
114426,noko7Stzrd8td1oS,Mindy,Ligerton,366-46-3213,19,585-741(9150)
167233,Cu9m21Zzc41sdpMH,Malvin,Padberry,637-06-9860,44,585-814(4498)
814853,5Pp6g5JX2s1D8dn2,Jackie,Freebury,833-98-5592,23,585-171(3261)
322727,9DNh5mY5O3BrM2Wl,Arielle,Dunne,642-04-2003,84,585-337(4676)
813812,r0JQOh3J6CbBWae9,Juanita,McSkeagan,237-83-9727,38,585-838(7908)
563854,E0S6vOW3JlpPn7py,Lorelle,Tick,807-25-1545,71,585-235(1418)
314235,I2WOZ55AY2S90gN8,Harvey,Shewan,168-57-8785,50,585-611(1577)
853715,8V61UN9rmgYcRg1q,Waly,Gamlen,646-60-1063,86,585-735(9950)
187928,KVOG48PeAbzIOM44,Kerwin,Pyffe,816-61-8753,61,585-758(8925)
469463,66R0RuBZaFbj9xpE,Steve,Godly,424-53-6287,23,585-787(8439)
782266,eyBD8hoe5V24Q011,Corty,Roch,461-18-6847,12,585-266(3271)
671976,bH2LfW336c150S0w,Binni,Doerrling,599-32-6422,79,585-483(7396)
335449,nE3rwfQKAfKoa1Ch,Corty,MacInnes,195-54-2708,82,585-693(7539)
531649,skKH2TU09Lbnz4fw,Athena,Wotherspoon,665-68-6370,47,585-905(1235)
842388,062ir44oAai9929t,Shannon,Greenman,262-36-9730,71,585-875(8607)
294316,ILSgBul9Y99oP1u3,Orv,Ayrton,572-35-9555,20,585-397(2349)
166979,HKx84LjrQ8u07X2f,Ludovico,Cranefield,407-78-4148,69,585-577(6351)
834927,mU8KvxwbL1wfoM59,Prissie,Scheffler,557-32-3678,52,585-773(1333)
446466,N1JKVmgwta5Sl67j,Lila,Quinton,684-67-2694,28,585-136(5170)
291621,6E7oC22K5Q3ykChf,Vidovik,Manes,373-65-6079,71,585-776(1265)
871212,9cd1cKNObj8WYmEf,Derry,Kabisch,398-00-6430,13,585-868(6859)
521973,62537V72k4h9Y8Gn,Gran,Bellson,504-81-3211,54,585-709(7205)
834951,3sav72Ssyxexhy03,Hernando,Osgardby,532-14-8228,70,585-718(6839)
333982,eBOi2bw1Gb57o1ud,Candie,Pascho,279-32-5797,80,585-298(1192)
275899,cn93Z7VR1W3SE61I,Ruddy,Shulver,247-55-4537,82,585-125(0730)
786693,5460KB5zq495kk8H,Hyacintha,Drummond,322-37-1434,28,585-651(7642)
759741,O8o1Q1D75cSNIi8I,Mitzi,Renton,251-67-2715,47,585-055(3127)
957118,xlYGg78st7GN53W9,Syman,Haskett,399-66-0057,38,585-744(5070)
251693,612mU50yDJX4jA8Q,Upton,Shaddock,886-15-8788,24,585-453(2646)
175847,X4Q9UXS33u6H2ks3,Hollyanne,Chamberlain,414-05-9015,82,585-196(3871)
521888,8sIS0lG04LAY9Ey1,Alvinia,Menco,185-67-0876,11,585-943(7214)
464855,34G394Zdtpb088Ry,Derry,Milverton,142-43-7896,82,585-032(3618)
346513,9C36n2Dt2jsysXuA,Virgie,Tuite,283-66-0375,38,585-185(8119)
431386,J4NY1K955V9jRHx6,Jaquenetta,Montes,836-33-6598,27,585-246(8675)
579688,09Ti4Q1782eO4Ioq,Janela,Showl,898-52-2793,30,585-579(6845)
168111,QdGByEgi86J8z2f4,Glad,Thornthwaite,691-50-5070,86,585-014(8461)
772659,NIpsu706UIYax4YU,Birch,Belitz,274-17-6728,41,585-761(6435)
239594,8j1Y87iUprn33180,Sherill,Hixson,297-88-7590,19,585-035(0391)
828974,4677r52PZ4uA7X17,Gar,McKeurton,828-19-6587,57,585-150(7535)
382424,TNxBXLxA0PaNy637,Wendeline,Chown,508-59-4422,51,585-040(8894)
665775,9AIs1lTs109yV9P7,Ellswerth,Dudleston,749-74-5025,44,585-828(9089)
834265,BbDbtk0938pFpb2a,Delbert,Baggett,485-17-8181,75,585-117(8323)
748188,zyG1CEH14lJG26vZ,Cheri,Caldera,823-55-2966,80,585-468(3593)
927244,5d167dI5cEE7d0My,Sile,Ferrierio,161-30-0020,59,585-201(2094)
322722,6FPS8Gd8gBmYGIO5,Leyla,Woollhead,540-01-0537,15,585-574(1775)
116917,XFn0jYa4sIQ45R2j,Celestina,Abson,638-99-8423,22,585-150(9153)
849355,OzR9RI3Epvgtufxr,Fairlie,Lorek,447-55-2265,58,585-279(9907)
428695,4mUEqUBmZn38Lrl7,Wiatt,Brabben,445-73-8173,87,585-279(2921)
389759,oh8ikJ7DAI04NB0a,Chandal,Bartels,436-06-8381,32,585-704(4816)
944462,2RF71As21Z4M2X1P,Charmine,Sugarman,769-14-7203,43,585-509(8535)
536842,x627U2Dp515k42O7,Cristiano,Matkovic,175-23-4882,11,585-422(8081)
142489,TsCUQNiSZP8yoJO0,Kikelia,Morford,318-30-0115,60,585-156(0597)
527398,q07269y5Uz3Muzql,Gennie,Buxey,654-23-6038,10,585-873(7226)
344335,XmzA8BU7h310seq0,Lily,Bampforth,350-16-6190,21,585-943(0883)
463955,j5FMMHdLUBb54ume,Aarika,Mesias,524-78-2348,81,585-623(5314)
871116,95X6s3o93y1ES99A,Barbie,Gallifont,416-93-1459,48,585-134(0077)
917345,MfnFILdTVvM1f72l,Ewell,Simla,314-87-8076,14,585-560(4952)
268736,Ggxar3CAVTcA4GHQ,Lavinie,Jahncke,301-77-8951,31,585-477(6892)
812418,FigdA866Ox7rh9ES,Dottie,McGlone,305-15-2443,52,585-683(5519)
298643,4HpIS55k2LBCvGtn,Page,Kreuzer,762-99-6117,16,585-848(4838)
423243,ehqH5aSlm5qvvbN8,Alwyn,Broadwood,282-05-8382,60,585-079(6942)
499721,UKj2F2uOtcH7u6mp,Amelina,Hallex,361-91-8197,30,585-266(9723)
462169,V9p28mfqN9x1On5h,Wenona,Leedes,879-92-1825,52,585-695(6898)
767814,IxLr831Qvm1bwL5h,Kelli,Penton,393-58-2299,46,585-198(9766)
157277,JxIO16B9w5d5vyqE,Shadow,Awty,519-46-8659,68,585-788(9516)
136923,wtkhZ5KQxNwMir1V,Scottie,Opie,882-23-5444,25,585-914(5850)
541823,S2pc7T91cNadN47W,Calvin,Wicks,456-67-9156,28,585-463(6523)
982231,d0AG3dtSJ7NzBwoi,Myriam,Ruprechter,763-53-0363,12,585-977(1025)
658176,Nb5pP4wAmiOfCqCO,Willie,Jeanon,311-99-4680,83,585-149(1421)
168382,z4d6z0v94LTikC93,Dorry,Lobbe,684-54-3683,76,585-503(9817)
233429,ug8taQHspsJ15J93,Darin,Bartod,610-06-2998,52,585-010(9077)
115662,ozkbrToFkyn663lv,Bron,Hagston,464-08-2127,42,585-602(9604)
612596,Tc3238d1BT0399wO,Derrek,Penton,659-64-3842,72,585-330(9929)
241574,72fk4m6PVXJW3koo,Elyse,Cosford,210-13-2583,51,585-142(9566)
861819,iNickke61tz2zR28,Gipsy,Mallebone,662-51-8783,13,585-148(0611)
191446,WA8NZt99hV2stC20,Carlene,Staker,812-83-7197,78,585-453(9435)
118666,gUW9qLWJkM2mx1Z5,Konstantine,Catterall,613-89-7122,39,585-089(4634)
138813,cElQ6A4L4wm8UCe2,Tildy,MacInnes,770-25-1364,26,585-539(0816)
823949,a4xpGVQ7VSkSQp79,Latashia,Yarnold,673-04-3829,58,585-337(6670)
516346,8xgBhS1cVtCIciR6,Mario,Stitt,490-68-0837,36,585-189(4831)
231444,e3CO3nsX1l5T4jW3,Rozella,Rogeon,893-38-9924,81,585-109(9778)
677354,463qEgxg19ZIY2K4,Neel,Lummasana,726-44-3040,44,585-037(8363)
195969,19fm6vo0a3hFV0SD,Silvio,Ruit,206-09-1976,70,585-847(0859)
327662,MK2yZTTLR2h7eTeW,Mitzi,Frayne,444-77-7420,56,585-070(7178)
952495,i20764V0WRO9EU43,Crissy,Tiller,124-46-4050,85,585-843(0269)
191811,n3iv4a8YnU48Kq21,Natalina,Grunnill,210-52-2678,70,585-578(8939)
634833,7si45tcWobHC0xE9,Ashlin,Webb-Bowen,572-35-7431,76,585-583(6524)
323894,i20MFQj1ObrMDKk0,Basil,Gurton,885-62-9451,89,585-906(5361)
875352,KCBT9RzK22l3qY9n,Shanna,Castaneda,896-14-1503,61,585-940(7368)
969436,42vfJ9B7CwdsCvnq,Kevon,Verty,728-46-1973,70,585-732(7923)
825452,HDiC4k2Qc5g0mmC7,Felicdad,Mawson,823-47-1942,77,585-591(5814)
627741,TQ9p1j5R787YtLgf,Pinchas,Shreeves,881-81-4212,39,585-252(1835)
932411,5DpmN58a8rt65Q58,Frederich,Cosans,823-41-1920,42,585-018(8205)
536248,q6U9qS0fkC3w1Fxj,Phineas,Bonhomme,452-96-8397,64,585-459(1146)
159141,469OjQP963iDtctx,Lexis,McCormick,533-91-8828,32,585-258(3232)
957822,2tlocE2AwjEG4SyR,Phillie,Awty,180-45-3449,14,585-271(9335)
886473,K4GdX71elGh9ZAc9,Wandie,Grayer,653-56-9212,56,585-762(3605)
182575,18if575J5qE13UFX,Ty,Basson,679-43-3555,27,585-569(7116)
876217,vuIbqoHJ16u3I6H7,Orv,Stell,636-71-7117,87,585-230(0236)
679496,n0h575x0Z4Y9Ejk9,Quintin,Pepi,196-48-4375,45,585-407(0097)
776776,Jni45d1rBxTSQ4p4,Osbert,Muldowney,749-80-9980,41,585-618(6233)
638325,fLhMzzsHMfCt579X,Eugine,Glanton,118-81-4954,19,585-940(5220)
923159,MFKXRYN9FH66Wt6c,Seth,Haslewood,443-31-3287,58,585-181(1770)
855823,KK3H12a0F6zbNZ93,Darrel,Watkiss,153-23-3399,58,585-851(2033)
447992,Aw0Al2KqZT21015h,Amery,McKag,520-82-3996,52,585-301(6809)
821598,7K8V4i3n01Y4t678,Quinn,Beseke,512-99-6622,76,585-253(7650)
187372,gOHEsiGxN5sD4vVY,Lilyan,Eskrick,439-17-8157,29,585-715(1372)
458874,o1E42AtH3eelEM4D,Olly,Regardsoe,311-36-0912,51,585-280(9453)
572565,pM0T96cr6gp5iZge,Aurelia,Dinnington,775-22-4995,58,585-751(9708)
588147,nlR85H0bRt288zwz,Kristoforo,Toynbee,723-00-9234,47,585-106(9039)
182119,T24YrxW41vH4bukf,Sol,Strowlger,336-86-1136,44,585-609(4464)
471191,8KvNz0n0dV9r88lL,Evita,Brockley,253-78-3185,62,585-243(5133)
676267,eTpGk70z768S1B2S,Dorette,Barthropp,764-07-1226,27,585-724(9576)
731188,7ADS0KmA09vw0SLs,Phil,Wenman,380-57-5770,67,585-997(1070)
766169,onYdFDZEiEEnXw81,Wini,Shreve,279-90-1913,80,585-244(1183)
619396,3z0Q0w0PIap8Bvd6,Jeremy,Petrozzi,484-12-5600,40,585-862(3809)
285569,u2CR9a496x0Ovk32,Joceline,Bellson,519-48-1832,23,585-983(3337)
282853,Bq1BKs3jtIJBSv79,Oralla,Eldritt,544-06-9672,88,585-277(3684)
655736,Hu47SUqwih1xNo7A,Celestyn,Allardyce,453-49-9865,14,585-302(3945)
342838,J50hU0644bJ0ti2N,Yasmin,Petrou,865-25-6549,17,585-470(5701)
429287,sV6PD7Lp53Shp03Q,Henrieta,Steuart,467-76-5656,27,585-054(7329)
299298,610u2LRfREDXv3X4,Ulrick,Orton,224-18-4675,78,585-671(6805)
778835,dW28mpl3QyZc6r3s,Tymon,Coulthard,210-28-5481,80,585-189(1853)
634645,Sj5BaJ89JIYD30d4,Laura,Gerardot,270-56-0967,35,585-033(5618)
688772,yZ2L8Pb5lV1zPOzF,Charles,Blackstone,401-39-9098,67,585-863(9326)
914383,6on4d322fh87m6te,Waylen,Brute,294-45-5160,18,585-759(4918)
593628,yk0WNsOA239Q1Mhe,Lynea,Tidder,788-04-4363,89,585-912(8163)
274727,Q1lYjJ674408W6Oc,Obie,Dickon,785-31-7161,52,585-530(5121)
563493,mEdDZaEH4tLouXEo,Rosemonde,Speakman,189-96-3156,63,585-868(7893)
695411,sb20hKAf3B8m1C4F,Weber,Blakelock,821-64-4991,32,585-233(3646)
682714,k3OL1j1ejwMaag8U,Marika,Ellacott,847-96-4802,19,585-875(3395)
825491,kjzhn4m6f7x3T2ZN,Salomo,Croci,172-01-1621,38,585-386(9435)
141959,4619GA69mtgLEgT1,Astrid,Kornel,174-95-3643,51,585-827(6009)
594192,To319dgTGLh7UKsU,Tamara,Lewsley,718-90-1912,51,585-032(1197)
717981,5BgNkaSU5MQ3a4e8,Javier,Winsome,356-52-2572,63,585-830(2183)
974247,NtB7z7LJQYMl9069,Irwin,Ledrun,701-69-5972,61,585-500(0577)
151861,qGngWuYk7gw78NYs,Allyn,Ferretti,589-01-3843,82,585-771(2045)
126654,64SV49sAkN2rH710,Jase,Shovlin,804-45-5991,64,585-350(4844)
856133,JEE0RDUTMqWAx755,Jesse,Jahncke,857-53-4889,57,585-310(8460)
819754,0nTXQ4Q7iLh7nd0a,Cynthia,Southwell,406-72-2692,83,585-891(4078)
891859,E96e8hP22picsh4A,Seamus,Gregoletti,325-68-0779,33,585-527(2346)
278239,5XrKUIrKC4g96o0E,Morris,La Croce,106-42-4941,63,585-711(4058)
239225,nLeEA3YwE5rvffg1,Cesaro,Godsil,592-94-1461,43,585-479(2102)
595682,2xb5f9z0N4SJZ982,Amelina,MacKintosh,470-64-8847,15,585-217(7816)
843693,9NMQr00fGd62XW24,Larina,Lillgard,462-47-9885,66,585-035(8666)
878655,o57g4tnyw8lCPi3F,Nappie,Tuvey,151-22-1531,47,585-236(4121)
837536,NtuNMr7wJ582IP7n,Barton,Rosenbarg,607-46-3183,69,585-611(5904)
528699,5SvR02k0k68UvH82,Buckie,Bacchus,521-34-5618,80,585-891(5642)
539112,Q60C2c2I5T83ZpXX,Eleni,Sunnex,637-56-9102,31,585-761(1045)
233833,i97W5tB0LLA82yg0,Valerie,Olensby,742-26-5051,44,585-608(4040)
467368,87C26ch7F5ohVpb5,Cliff,Quibell,213-79-1567,72,585-210(1390)
968221,WrIb0XK7167m66t7,Natalina,Greenshiels,615-40-9375,79,585-718(9346)
562253,dWc1dXt7157aND67,Gay,Poleye,525-57-3926,15,585-536(6800)
229275,487R0P7nGp0Xd48b,Roxanna,Bear,667-60-3591,76,585-647(3408)
937774,80Sf12qcA4U36NB1,Silvio,Copperwaite,450-08-6553,25,585-097(0525)
121518,67v5Zb8ShSlXpCiy,Frannie,Allsobrook,513-26-2100,87,585-253(1336)
931145,J9P9Cic3WvglkYQw,Belita,Scotchforth,679-54-1247,55,585-891(8131)
571799,Jb9TjY9NZ836q3lg,Belia,Aird,361-50-7290,83,585-362(6477)
891645,LHW2c1d1410d98aE,Arman,MacPaden,121-81-1692,46,585-932(2936)
946221,TQ9XVWoCByyLtM77,Gregorius,Calafate,832-64-8487,20,585-389(2549)
492219,0IBCRB01OmxixnoY,Lorain,Godly,639-84-2175,62,585-749(8428)
193544,xAT8G31AtnWG85W7,Aloin,Kohrt,343-38-3941,50,585-804(8620)
516372,c3zOxFso42S3gpN4,Adan,Russo,617-62-2110,54,585-500(4650)
748199,XWR0nu9z0AgX08dz,Liesa,Chorley,310-74-9696,31,585-823(5939)
879712,14ta16zbmV6QcvfY,Karlene,Broxton,862-06-1528,23,585-695(3541)
364776,PjXr8SZLtu4Re8wQ,Tanney,Napper,216-76-9306,79,585-356(1979)
149111,7OHM99hI1YS5T3oO,Edward,Nissle,572-90-9704,24,585-757(5987)
691271,xA71i8gqpc6Q3m5X,Sheila-kathryn,Showler,582-37-6104,58,585-028(6577)
946516,wW4m1unz8Z8yW4LR,Rafaelia,Watkiss,756-73-5155,27,585-359(2219)
633472,YF9V3B2d27Ruf7WY,Antonetta,Bartholat,375-73-5355,54,585-262(4162)
879641,43L11J06Zbka6g8U,Damian,Grigoroni,584-84-0707,43,585-704(3141)
399825,xGGEBpr2YzSt2ZA2,Hunfredo,Marshland,869-00-9243,42,585-457(3892)
336421,51x70ZmMM1GB9P4e,Wilow,Thomke,656-58-7805,11,585-140(6376)
786363,bmkaqsipi0p613X8,Rosemarie,Kabisch,407-85-3823,66,585-294(6797)
846183,V6QbHP43Py9g2ZzF,Kareem,Tottem,812-38-6707,50,585-403(1046)
394864,IL767n6dx5qwkHYw,Muhammad,Matusson,690-46-9671,55,585-430(7530)
615415,GI5KXCD9O16364q6,Richardo,Leemans,174-94-9663,89,585-634(0934)
311892,kdbkyk45e20wGp9w,Florie,Readwood,436-12-5610,76,585-844(0623)
372456,306iHa14IjlyOooT,Jase,Size,636-81-4121,84,585-626(8109)
866841,xb64Ese1r47Fh26S,Juanita,Toffolo,704-41-6215,27,585-974(8142)
689334,rLoLUJI10Fec4T8e,Kelley,Godsil,453-79-6497,46,585-631(2327)
733579,uP366BG71j05XC90,Catina,Commings,192-85-3193,68,585-633(1725)
753167,tYRE825CPLKwjCRw,Brandais,Bennit,325-92-0268,58,585-644(1172)
492576,jNWa1gR0hgv3Rby6,Kikelia,St Pierre,263-75-6150,10,585-177(7596)
488991,2U9DBgu6908lGYpT,Aubrey,Beedie,126-90-6630,53,585-585(3707)
534374,Kc8e5zIf2lZBzbgv,Royal,Glidder,157-56-7797,26,585-476(0811)
426196,1e6sQXS1XNx64B7A,Iormina,Wardhough,552-50-5258,87,585-083(8245)
854773,aK99o7J9AwUmiCgU,Read,Malletratt,333-01-9759,37,585-436(9478)
771155,h9cC3evMrlGzY0ju,Arman,Dericot,486-28-8691,53,585-961(3108)
851844,W3OqfZsitH8Tk1iR,Kristal,McNee,185-34-0737,71,585-017(5277)
493675,Fy2ABOI3DXWB4UVn,Sydney,Chater,146-10-0345,55,585-057(4618)
928317,cUZUP932RVjp35Gs,Moyra,Rubinow,198-18-5211,55,585-146(0063)
938338,00tMY0cXP174VZ4B,Ava,Trebble,342-30-3467,29,585-663(3809)
859851,413lMR5o4vK4R2Hf,Reina,Deniske,152-49-8399,13,585-188(0578)
779693,2mVElw28MNTpFxK2,Katuscha,Falk,405-24-9980,20,585-945(4148)
462518,oT76lwK1mXGft71g,Saraann,Capin,869-09-4703,20,585-109(3073)
793547,Pc06kMnYB5U76PxG,Zuzana,Neylan,527-00-2873,80,585-353(3317)
296911,oWP9di25sI7NWzGp,Frederich,Hamments,529-85-6417,26,585-052(1065)
416427,r5eL46b5TLG508iN,Adeline,Spight,718-18-6454,54,585-036(9605)
247571,2B4rB4i06IX8x39L,Worthy,Jellico,478-99-4909,30,585-114(1339)
929827,IIcz37E8zIoJ8I26,Amargo,Jeavons,765-29-9661,34,585-208(7882)
246965,knYtO0WCruzR600j,Petronia,Robelin,809-10-2635,16,585-898(4329)
673679,u397A1XvHujRYqaU,Dex,Belle,876-09-7294,83,585-748(6113)
495942,pS6H21l4A6o0u8P8,Harvey,Allone,129-98-0409,76,585-308(9588)
478459,IeCmJL5n5PX0j4rb,Traci,Toop,721-18-1426,28,585-233(7157)
226623,Iy6o218ue2Dp3w4R,Joe,Scholey,702-65-0175,19,585-074(4932)
536488,7uq7E2Gn0e0X3iFT,Emmett,Yanuk,512-76-4214,32,585-690(9659)
494942,ckfv47LrSP1NF27p,Mozes,Gaish,133-10-9812,24,585-049(3241)
192429,1vY2f2B2li295KJk,Rosemarie,Cuffe,143-14-5831,33,585-080(8415)
566541,fp8AQj4cyw122xxu,Inger,Marwick,244-60-4734,14,585-899(9015)
821434,oKWr82C07VP1752j,Sydney,Dericot,330-99-1940,19,585-260(3022)
356618,VnA97v6bne1Daw8D,Terrie,Deehan,586-95-7189,46,585-317(8999)
414613,K5dx0muNyqgh6dXR,Morris,Yarham,441-64-1230,70,585-561(9673)
753973,3bOU849Vht343a2N,Doralia,McMoyer,743-43-0990,12,585-596(8844)
416245,DVWwDJp35rUX3kBR,Brena,Showl,289-99-7391,80,585-433(6442)
156593,5RNjnL0vw2PrZy8X,Lorraine,Plewes,659-06-3278,64,585-461(5799)
618859,20E8jVCm23SV8E19,Shawn,Soaper,421-61-8087,66,585-581(8511)
543353,rzAOn41S4lY8632o,Kerwin,Scammonden,544-33-5649,13,585-910(5683)
283728,v4o53Z6U1wLE2BYS,Karita,Jeary,114-31-6380,19,585-067(3187)
564562,CRINT35hdAk3LV5k,Nolly,Grassick,216-78-9868,48,585-110(1682)
619191,XS8okk39KRMzJVoY,Anissa,Lyne,390-21-4030,42,585-149(6784)
415611,KB9B2fK51273BJ7j,Bradley,Kline,174-43-5520,59,585-945(7768)
478918,V7QMFm40i3sj534x,Peter,Basson,663-88-3653,79,585-499(1841)
596771,133JN5K0UqZ2xVp5,Hayyim,Metcalf,304-63-2772,17,585-912(6651)
779424,454tZQmav7Gd1sUG,Chane,Attril,717-02-8176,41,585-905(1703)
226919,Gds884oN5sGDsz1K,Jehanna,Willavoys,232-81-0293,16,585-728(6042)
445143,xpnIa4Q6QK7A3F5a,Frannie,Arrington,801-15-0447,73,585-043(0002)
158221,7X5DQyb0as4Sd56a,Mart,Manjot,311-03-2180,23,585-848(0544)
879216,Ho27hp3LO7T0qg9h,Niall,Endicott,114-57-2567,68,585-613(2033)
882886,x0h5IyRx4wZndG57,Cory,Audry,611-38-6620,67,585-188(6978)
859232,G4xJZd1BV347dKFR,Lovell,Skarman,430-43-2685,35,585-376(2346)
428221,i3KDfnM7r22Vc558,Kristo,Scandroot,610-29-4495,49,585-481(3805)
656133,g2pYGm15zCogcgmO,Letta,Clemmett,609-92-6555,30,585-160(1245)
474561,228S9F6jP3eG9C4x,Anneliese,D'Adamo,718-62-3928,64,585-365(8543)
925757,QC10ia99i84oU01h,Abigael,Keling,573-91-2837,62,585-687(8828)
653498,Ui26IbDsl01CxwfH,Traver,McMoyer,621-59-6759,43,585-746(4563)
928858,Sw78KrqoIfnec3Nk,Garrott,Zarfai,267-77-4808,79,585-153(4029)
859346,HNP0v4w24a5v94U1,Golda,Haile,700-65-2893,49,585-931(5339)
188487,hucc9RgfyZQanM3m,Harriette,Eliff,870-62-0521,57,585-815(1392)
221451,kkjXlU7ZPpzd6tOR,Lexis,Badcock,866-71-0809,62,585-062(3199)
173389,W2UcdlMM5p29mq5J,Rozella,Coste,652-55-4834,78,585-939(7189)
651498,31046D8ELx1uU41Z,Lou,Girdlestone,703-42-4337,26,585-693(6016)
511849,zB3EqB4xp2FiDdHh,Micheil,Dutnall,227-24-8005,39,585-322(3663)
